#Rk,Player,Pos,Age,Tm,G,GS,MP,FG,FGA,FG%,3P,3PA,3P%,2P,2PA,2P%,eFG%,FT,FTA,FT%,ORB,DRB,TRB,AST,STL,BLK,TOV,PF,PS/G
1,Alex Abrines\abrinal01,SG,24,OKC,41,5,15.2,1.5,3.8,0.39,1,2.6,0.383,0.5,1.1,0.404,0.523,0.6,0.7,0.857,0.4,1.3,1.7,0.4,0.5,0,0.5,1.7,4.5
2,Quincy Acy\acyqu01,PF,27,BRK,40,1,19.3,1.8,5.3,0.341,1.4,4.1,0.339,0.4,1.2,0.348,0.474,1,1.2,0.813,0.6,3.5,4.1,0.6,0.4,0.3,1.1,2.1,6
3,Steven Adams\adamsst01,C,24,OKC,40,40,32,5.8,9.2,0.635,0,0,0,5.8,9.2,0.637,0.635,2,3.2,0.614,5.1,3.7,8.8,1,1.2,1.1,1.6,2.8,13.6
4,Bam Adebayo\adebaba01,C,20,MIA,35,10,20,2.5,4.6,0.549,0,0.1,0,2.5,4.5,0.563,0.549,1.7,2.3,0.753,1.7,3.3,5,1.4,0.6,0.6,1,2.1,6.8
5,Arron Afflalo\afflaar01,SG,32,ORL,35,2,12.9,1.1,2.9,0.38,0.4,1.1,0.35,0.7,1.7,0.4,0.45,0.5,0.6,0.8,0.1,1.1,1.2,0.5,0.1,0.1,0.3,1.1,3
6,Cole Aldrich\aldrico01,C,29,MIN,10,0,2.2,0.3,0.7,0.429,0,0,0,0.3,0.7,0.429,0.429,0.1,0.2,0.5,0.2,0.2,0.4,0.1,0.2,0,0.1,0.4,0.7
7,LaMarcus Aldridge\aldrila01,C,32,SAS,44,44,33.8,8.8,17.8,0.497,0.5,1.5,0.343,8.3,16.3,0.511,0.511,4.5,5.4,0.839,3.3,5.2,8.5,1.9,0.5,1.1,1.5,2.4,22.7
8,Jarrett Allen\allenja01,C,19,BRK,36,0,17.1,2.5,4.7,0.524,0.1,0.2,0.333,2.4,4.6,0.53,0.529,1.1,1.5,0.774,1.6,2.8,4.4,0.5,0.4,0.9,0.8,1.9,6.1
9,Kadeem Allen\allenka01,PG,25,BOS,3,0,2.7,0,0.7,0,0,0.7,0,0,0,0,0,1,1.3,0.75,0.3,0.3,0.7,0,0,0,0.3,0,1
10,Tony Allen\allento01,SF,36,NOP,22,0,12.4,2,4.1,0.484,0.2,0.5,0.333,1.8,3.6,0.506,0.505,0.5,1,0.524,0.9,1.2,2.1,0.4,0.5,0.1,0.9,2.2,4.7
11,Al-Farouq Aminu\aminual01,PF,27,POR,31,29,30.2,3.5,8.6,0.414,2,4.9,0.401,1.6,3.7,0.43,0.528,0.7,0.9,0.724,1.3,5.6,6.9,1.1,0.9,0.7,1.1,2.1,9.7
12,Justin Anderson\anderju01,SF,24,PHI,12,0,11.6,1.7,4.6,0.364,0.9,2.7,0.344,0.8,1.9,0.391,0.464,0.4,0.6,0.714,0.8,1.8,2.7,0.3,0.3,0.1,0.3,1.6,4.7
13,Kyle Anderson\anderky01,SF,24,SAS,38,32,27.2,3.1,6,0.511,0.2,0.6,0.318,2.9,5.4,0.532,0.526,1.8,2.3,0.795,1.1,4.7,5.8,2.7,1.3,0.7,1.4,1.5,8.1
14,Ryan Anderson\anderry01,PF,29,HOU,41,40,28.6,3.6,8.3,0.427,2.2,5.9,0.372,1.4,2.4,0.56,0.558,1.1,1.4,0.793,1.6,3.9,5.5,1,0.4,0.4,0.8,1.9,10.4
15,Ike Anigbogu\anigbik01,C,19,IND,9,0,3,0.4,1,0.444,0,0,0,0.4,1,0.444,0.444,0.6,0.7,0.833,0.6,0.4,1,0,0.1,0.3,0.2,0.1,1.4
16,Giannis Antetokounmpo\antetgi01,PF,23,MIL,42,42,37.4,10.3,18.8,0.546,0.5,1.6,0.279,9.8,17.2,0.571,0.558,7.2,9.4,0.766,2.3,7.8,10.1,4.6,1.5,1.3,2.7,3.1,28.2
17,Carmelo Anthony\anthoca01,PF,33,OKC,44,44,32.7,6.6,15.6,0.42,2.2,6,0.362,4.4,9.6,0.456,0.49,2.3,3,0.759,0.7,5.2,5.9,1.5,0.7,0.6,1.3,2.8,17.6
18,OG Anunoby\anunoog01,SF,20,TOR,43,31,21.6,2.3,4.9,0.46,1.1,3,0.37,1.2,2,0.595,0.571,0.7,0.9,0.718,0.6,1.8,2.3,0.8,0.8,0.1,0.7,1.9,6.3
19,Ryan Arcidiacono\arcidry01,PG,23,CHI,1,0,5,0,2,0,0,2,0,0,0,0,0,0,0,0,0,0,0,1,0,0,0,1,0
20,Trevor Ariza\arizatr01,SF,32,HOU,40,40,36.2,4.2,9.9,0.424,2.8,7.2,0.384,1.4,2.6,0.533,0.565,1.2,1.4,0.891,0.6,4.3,4.9,1.7,1.6,0.2,1,1.9,12.4
21,Darrell Arthur\arthuda01,PF,29,DEN,6,0,8.2,0.5,2.7,0.188,0.2,1.5,0.111,0.3,1.2,0.286,0.219,0,0,0,0.2,0.8,1,0.2,0.3,0,1.2,1.2,1.2
22,Jamel Artis\artisja01,SG,25,ORL,5,0,11,0.8,3.4,0.235,0,1,0,0.8,2.4,0.333,0.235,0.2,0.6,0.333,0.2,1.2,1.4,0.8,0,0,0,0,1.8
23,Omer Asik\asikom01,C,31,NOP,11,0,7.7,0.5,1.2,0.385,0,0,0,0.5,1.2,0.385,0.385,0.3,0.7,0.375,0.5,2.1,2.5,0.2,0,0.1,0.4,0.8,1.2
24,D.J. Augustin\augusdj01,PG,30,ORL,37,7,20.3,2.5,5.9,0.433,1.2,3.1,0.398,1.3,2.8,0.471,0.537,2,2.4,0.843,0.2,1.4,1.7,3.2,0.8,0,1.4,1.3,8.3
25,Luke Babbitt\babbilu01,SF,28,ATL,30,9,17.2,2.3,4.9,0.466,1.4,3.2,0.432,0.9,1.8,0.528,0.605,0.6,0.7,0.773,0.1,2.3,2.4,0.8,0.2,0.1,0.5,1.4,6.5
26,Dwayne Bacon\bacondw01,SG,22,CHO,31,6,14.7,1.3,3.7,0.357,0.3,1,0.313,1,2.7,0.373,0.4,0.3,0.5,0.714,0,2.8,2.9,0.6,0.3,0.1,0.5,1.2,3.3
27,Ron Baker\bakerro01,SG,24,NYK,23,0,14.9,0.9,2.4,0.357,0.5,1.3,0.367,0.4,1.1,0.346,0.455,0.8,1,0.75,0.2,0.7,0.9,1.8,1,0.2,0.7,1.3,3
28,Lonzo Ball\balllo01,PG,20,LAL,36,36,33.9,3.9,11.1,0.356,1.6,5.4,0.303,2.3,5.7,0.407,0.43,0.7,1.4,0.48,1.3,5.8,7.1,7.1,1.5,0.9,2.7,2.2,10.2
29,J.J. Barea\bareajo01,PG,33,DAL,44,1,23,4.3,10,0.434,1.7,4.5,0.377,2.6,5.4,0.481,0.519,1.4,1.9,0.759,0.2,2.9,3.1,6,0.5,0,2,1.3,11.8
30,Harrison Barnes\barneha02,PF,25,DAL,45,45,34.9,7,15.4,0.456,1.4,3.8,0.353,5.6,11.5,0.49,0.5,3.3,4,0.833,1.1,5.6,6.7,2.1,0.7,0.2,1.6,1.2,18.7
31,Will Barton\bartowi01,SG,27,DEN,44,11,31.2,5.4,12.3,0.442,1.8,5,0.367,3.6,7.3,0.492,0.516,1.9,2.6,0.739,0.9,4,4.8,4.1,1,0.6,1.8,1.9,14.6
32,Nicolas Batum\batumni01,SG,29,CHO,29,29,31.1,4,9.9,0.399,1.1,4,0.284,2.8,5.9,0.477,0.457,1.3,1.7,0.792,0.7,3.6,4.2,4.7,0.9,0.3,2.1,1.1,10.4
33,Jerryd Bayless\bayleje01,SG,29,PHI,34,10,24.9,3,7.1,0.419,1.5,4,0.372,1.5,3.1,0.481,0.525,1,1.3,0.795,0.4,1.8,2.2,1.4,0.7,0.2,1.2,2.5,8.5
34,Aron Baynes\baynear01,C,31,BOS,45,33,18.4,2.5,5.2,0.481,0,0.1,0,2.5,5.1,0.493,0.481,0.9,1.3,0.737,1.6,3.7,5.3,0.9,0.3,0.6,0.9,2.4,6
35,Kent Bazemore\bazemke01,SG,28,ATL,44,44,28.5,4.3,10.4,0.418,1.6,4.1,0.381,2.8,6.3,0.442,0.493,2.4,3,0.799,0.4,3.9,4.3,3.7,1.9,0.7,2.5,2.4,12.7
36,Bradley Beal\bealbr01,SG,24,WAS,45,45,35.8,8.7,18.9,0.46,2.4,6.5,0.363,6.3,12.4,0.511,0.522,4,5,0.792,0.8,3.5,4.3,3.8,1.1,0.5,2.2,1.9,23.7
37,Malik Beasley\beaslma01,SG,21,DEN,40,0,10.8,1.3,3.3,0.391,0.4,1.5,0.288,0.9,1.9,0.473,0.455,0.4,0.6,0.652,0.3,1.2,1.5,0.6,0.3,0.1,0.5,0.8,3.4
38,Michael Beasley\beaslmi01,PF,29,NYK,38,6,19.3,5.2,9.9,0.524,0.4,1,0.405,4.8,9,0.537,0.544,1.7,2.3,0.727,1.3,3.8,5.1,1.3,0.4,0.6,2,1.7,12.5
39,Marco Belinelli\belinma01,SG,31,ATL,43,1,23.3,4,9.4,0.422,1.8,4.7,0.387,2.1,4.6,0.457,0.52,1.9,2,0.92,0.3,1.7,1.9,2,0.9,0.1,1.1,0.8,11.6
40,Jordan Bell\belljo01,C,23,GSW,38,11,14.4,2.3,3.4,0.664,0,0.1,0,2.3,3.4,0.68,0.664,0.5,0.8,0.667,1.2,2.7,3.9,1.8,0.7,1.1,1,1.9,5.1
41,DeAndre' Bembry\bembrde01,SF,23,ATL,18,0,17.3,1.8,4.9,0.375,0.4,1.1,0.35,1.4,3.8,0.382,0.415,0.8,1.2,0.667,0.4,1.9,2.3,1.4,0.7,0.4,2,1.7,4.8
42,Dragan Bender\bendedr01,PF,20,PHO,45,4,22.2,2,5.4,0.37,1.4,3.8,0.376,0.6,1.6,0.356,0.502,0.4,0.5,0.762,0.4,3,3.4,1.2,0.2,0.6,1.1,1.5,5.8
43,Davis Bertans\bertada01,PF,25,SAS,42,0,12.9,2,4.3,0.456,1.3,3,0.414,0.7,1.3,0.556,0.602,0.5,0.5,0.826,0.2,1.6,1.8,0.7,0.2,0.4,0.5,1.1,5.7
44,Patrick Beverley\beverpa01,SG,29,LAC,11,11,30.4,4.4,10.8,0.403,2.2,5.5,0.4,2.2,5.4,0.407,0.504,1.3,1.5,0.824,1.5,2.6,4.1,2.9,1.7,0.5,2.3,3.1,12.2
45,Khem Birch\birchkh01,C,25,ORL,8,0,4.9,1,1.8,0.571,0,0,0,1,1.8,0.571,0.571,0.5,0.5,1,1,0.9,1.9,0.3,0,0.5,0.4,0.9,2.5
46,Jabari Bird\birdja01,SG,23,BOS,4,0,5.5,0.3,1,0.25,0,0.5,0,0.3,0.5,0.5,0.25,0.8,1.3,0.6,0,0.5,0.5,0.3,0.3,0,0,0.5,1.3
47,Bismack Biyombo\biyombi01,C,25,ORL,44,10,18.2,2.1,4,0.523,0,0,0,2.1,3.9,0.526,0.523,1.3,2,0.67,1.9,4,5.9,0.5,0.2,1.3,1,2,5.5
48,Nemanja Bjelica\bjeline01,PF,29,MIN,31,0,13.7,2.1,4,0.524,0.9,2,0.443,1.2,2,0.603,0.633,0.4,0.5,0.813,0.5,2,2.5,0.5,0.4,0.1,0.6,1.7,5.5
49,Tarik Black\blackta01,C,26,HOU,33,0,10,1.5,2.7,0.58,0,0.2,0,1.5,2.4,0.638,0.58,0.6,1.2,0.488,1.3,1.8,3.1,0.2,0.4,0.5,0.8,2.1,3.7
50,Antonio Blakeney\blakean01,SG,21,CHI,11,0,14.8,2.5,7,0.364,0.7,2.5,0.286,1.8,4.5,0.408,0.416,1.3,1.7,0.737,0.3,1.5,1.8,0.6,0.2,0,0.7,0.7,7.1
51,Eric Bledsoe\bledser01,PG,28,TOT,37,37,31.2,6.2,13.7,0.451,1.5,4.9,0.317,4.6,8.9,0.524,0.507,3.6,4.7,0.77,0.7,3.1,3.8,4.1,2.1,0.6,2.9,2.5,17.5
52,Vander Blue\blueva01,SG,25,LAL,5,0,9,0.2,1,0.2,0,0.4,0,0.2,0.6,0.333,0.2,0.2,0.4,0.5,0,0.2,0.2,0.6,0.2,0,0.6,0.4,0.6
53,Bogdan Bogdanovic\bogdabo01,SG,25,SAC,41,16,26.6,4.3,8.8,0.488,1.5,3.7,0.413,2.8,5.1,0.54,0.573,1.4,1.7,0.824,0.4,2.3,2.7,2.8,1,0.2,1.7,2.2,11.5
54,Bojan Bogdanovic\bogdabo02,SF,28,IND,43,43,30.7,4.9,10.4,0.472,1.9,4.8,0.385,3.1,5.6,0.548,0.561,1.8,2.1,0.844,0.2,2.9,3.1,1.4,0.6,0,1.3,1.7,13.5
55,Andrew Bogut\bogutan01,C,33,LAL,24,5,9,0.7,1,0.68,0,0,0,0.7,1,0.68,0.68,0.1,0.1,1,1.1,2.2,3.3,0.6,0.2,0.5,0.8,1.7,1.5
56,Joel Bolomboy\bolomjo01,PF,24,MIL,6,0,6.3,0.5,1,0.5,0,0.2,0,0.5,0.8,0.6,0.5,0.5,1,0.5,1,0.7,1.7,0,0.3,0,0.3,0.5,1.5
57,Devin Booker\bookede01,SG,21,PHO,35,35,34.4,8.4,19,0.442,2.7,6.9,0.388,5.7,12.1,0.473,0.513,5.7,6.5,0.881,0.4,4.1,4.5,4.6,0.9,0.3,3.6,3.1,25.2
58,Trevor Booker\booketr01,PF,30,TOT,33,5,18.7,3.2,6.2,0.525,0.1,0.4,0.214,3.2,5.8,0.547,0.532,1.3,1.9,0.656,2,3.5,5.5,1.5,0.5,0.4,1.3,1.9,7.8
59,Avery Bradley\bradlav01,SG,27,DET,36,36,31.8,6,14.6,0.414,2,5,0.403,4,9.5,0.42,0.484,1.7,2.2,0.759,0.5,1.9,2.4,2.2,1.2,0.2,2.4,2.1,15.8
60,Tony Bradley\bradlto01,C,20,UTA,8,0,3.5,0.4,1.4,0.273,0,0.1,0,0.4,1.3,0.3,0.273,0.3,0.3,1,0.5,0.9,1.4,0.1,0,0,0,0.1,1
61,Corey Brewer\breweco01,SF,31,LAL,43,1,12.1,1.3,2.9,0.452,0.2,0.8,0.2,1.1,2.1,0.551,0.48,0.7,1,0.651,0.3,1.2,1.4,0.7,0.7,0.2,0.7,1.5,3.4
62,Malcolm Brogdon\brogdma01,PG,25,MIL,43,17,31.1,5.2,10.9,0.479,1.3,3.5,0.376,3.9,7.4,0.527,0.538,1.5,1.7,0.88,0.5,2.8,3.3,3.3,0.9,0.3,1.3,2.8,13.3
63,Aaron Brooks\brookaa01,PG,33,MIN,21,1,7.2,1,2.4,0.42,0.3,1,0.333,0.7,1.4,0.483,0.49,0.1,0.2,0.75,0.2,0.4,0.6,0.8,0.2,0,0.3,0.9,2.5
64,Dillon Brooks\brookdi01,SF,22,MEM,43,35,27.3,3.1,6.7,0.459,1,2.6,0.391,2.1,4.2,0.5,0.533,0.9,1.3,0.722,0.5,2.3,2.8,1.1,0.7,0.3,1.1,3.2,8.1
65,Bobby Brown\brownbo02,PG,33,HOU,20,0,5.8,1,2.9,0.328,0.6,2,0.275,0.4,0.9,0.444,0.422,0.1,0.1,0.5,0,0.4,0.4,0.6,0.2,0,0.5,0.3,2.5
66,Jaylen Brown\brownja02,SF,21,BOS,40,40,31.4,5.3,11.4,0.466,1.8,4.5,0.387,3.6,6.9,0.518,0.543,1.9,3.4,0.562,1.1,4.5,5.6,1.4,1.2,0.4,1.7,2.8,14.3
67,Lorenzo Brown\brownlo01,PG,27,TOR,11,0,7.6,0.5,1.6,0.333,0,0.5,0,0.5,1.1,0.5,0.333,0,0,0,0,0.9,0.9,1.1,0.3,0,0,0.3,1.1
68,Sterling Brown\brownst02,SG,22,MIL,19,0,9.2,1.1,2.6,0.429,0.4,0.9,0.444,0.7,1.6,0.419,0.51,0.3,0.4,0.857,0.3,1.4,1.7,0.2,0.6,0.2,0.4,1.4,2.9
69,Nicolas Brussino\brussni01,SF,24,ATL,4,0,2.5,0,0.5,0,0,0.5,0,0,0,0,0,0,0,0,0,0.8,0.8,0,0,0,0,0,0
70,Thomas Bryant\bryanth01,C,20,LAL,3,0,2,0,0.3,0,0,0.3,0,0,0,0,0,0.3,0.7,0.5,0,0.3,0.3,0,0,0,0,0,0.3
71,Reggie Bullock\bullore01,SF,26,DET,29,20,23.6,3.1,6,0.511,1.3,3.1,0.429,1.7,2.9,0.602,0.624,0.2,0.4,0.636,0.4,1.4,1.8,1,0.9,0.2,0.4,1.1,7.7
72,Trey Burke\burketr01,PG,25,NYK,1,0,8,1,3,0.333,0,0,0,1,3,0.333,0.333,3,4,0.75,1,0,1,2,0,0,0,0,5
73,Alec Burks\burksal01,SG,26,UTA,41,0,18.3,3.1,7.6,0.409,0.9,2.6,0.343,2.2,5.1,0.442,0.466,2,2.3,0.874,0.4,2.9,3.3,1.1,0.8,0.2,0.9,1.3,9.1
74,Jimmy Butler\butleji01,SG,28,MIN,44,44,36.8,7.4,15.5,0.475,1.2,3.3,0.356,6.2,12.2,0.507,0.513,5.7,6.5,0.875,1.4,4,5.4,5.1,2,0.4,2,1.3,21.6
75,Dwight Buycks\buyckdw01,PG,28,DET,11,0,15.6,3.2,7.1,0.449,0.7,1.6,0.444,2.5,5.5,0.45,0.5,1,1.2,0.846,0.4,1.5,1.9,2.6,0.4,0.1,1.8,1.3,8.1
76,Bruno Caboclo\cabocbr01,SF,22,TOR,2,0,3.5,0,1,0,0,1,0,0,0,0,0,0,0,0,0,0.5,0.5,0.5,0.5,0,0,0.5,0
77,Jose Calderon\caldejo01,PG,36,CLE,33,24,17.4,1.5,3.1,0.485,0.8,1.8,0.448,0.7,1.3,0.535,0.614,0.4,0.5,0.778,0.2,1.3,1.5,2.2,0.5,0,0.7,1.6,4.2
78,Kentavious Caldwell-Pope\caldwke01,SG,24,LAL,38,38,33.4,4.8,11.4,0.416,2.1,5.8,0.357,2.7,5.6,0.477,0.507,2.1,2.7,0.765,0.8,4,4.8,2.1,1.7,0.3,1.4,1.7,13.7
79,Isaiah Canaan\canaais01,PG-SG,26,TOT,13,0,21.5,2.8,6.6,0.419,1.2,3.2,0.357,1.6,3.4,0.477,0.506,2.8,3,0.923,0.2,2.2,2.3,4.1,0.9,0.1,1.4,1.5,9.5
80,Clint Capela\capelca01,C,23,HOU,37,37,26.4,6.1,9.2,0.666,0,0,0,6.1,9.2,0.668,0.666,2,3.4,0.597,3.4,7.7,11.1,1.2,0.6,1.8,1.7,2.8,14.3
81,DeMarre Carroll\carrode01,SF,31,BRK,40,40,29.1,4.2,10.5,0.4,1.7,5,0.342,2.5,5.5,0.452,0.481,2.6,3.4,0.761,1.7,5.2,6.8,1.9,0.9,0.4,1.4,2.2,12.7
82,Vince Carter\cartevi01,SF,41,SAC,26,2,15.4,1.6,4.2,0.38,0.7,2.2,0.316,0.9,2,0.451,0.463,0.3,0.5,0.538,0.3,1.6,1.9,1,0.8,0.7,0.3,1.5,4.1
83,Michael Carter-Williams\cartemi01,PG,26,CHO,32,2,15.8,1.2,3.9,0.296,0.3,0.9,0.3,0.9,3,0.295,0.332,1.5,1.9,0.8,0.8,2,2.7,2.3,0.8,0.4,1.2,2,4.1
84,Alex Caruso\carusal01,PG,23,LAL,13,0,9.7,0.8,1.8,0.417,0.2,0.5,0.333,0.6,1.4,0.444,0.458,0.1,0.2,0.333,0.3,0.6,0.9,1,0.2,0.1,0.7,1.3,1.8
85,Omri Casspi\casspom01,SF,29,GSW,36,6,16.4,2.7,4.5,0.602,0.3,0.5,0.5,2.4,4,0.615,0.63,1.2,1.5,0.782,0.6,3.7,4.4,1.2,0.4,0.5,0.8,1.6,6.8
86,Willie Cauley-Stein\caulewi01,C,24,SAC,41,28,26.8,5.1,9.9,0.52,0,0.2,0.2,5.1,9.7,0.528,0.522,2.1,3.3,0.625,1.7,4.9,6.6,2.2,1,0.8,1.5,2.3,12.4
87,Tyler Cavanaugh\cavanty01,PF,23,ATL,30,1,13.8,1.8,3.9,0.474,0.9,2.4,0.366,1,1.5,0.644,0.586,0.4,0.6,0.765,1.1,2.2,3.3,0.8,0.3,0.1,0.4,1.7,5
88,Mario Chalmers\chalmma01,PG,31,MEM,40,7,22.5,2.5,6.9,0.355,0.8,3,0.271,1.7,4,0.418,0.413,1.8,2.2,0.826,0.2,2.6,2.8,3,1.3,0.2,1.6,2.7,7.5
89,Tyson Chandler\chandty01,C,35,PHO,34,34,25.6,2.6,4.2,0.615,0,0,0,2.6,4.2,0.615,0.615,1.4,2.2,0.64,3.1,6.7,9.8,1.1,0.4,0.6,1.3,2.5,6.6
90,Wilson Chandler\chandwi01,SF,30,DEN,41,41,31.1,3.5,8.4,0.414,1,3.2,0.326,2.4,5.1,0.469,0.477,1.4,1.7,0.853,1.5,4.1,5.6,2.1,0.5,0.4,1.5,2,9.4
91,Marquese Chriss\chrisma01,PF,20,PHO,42,36,21.2,2.6,6.2,0.419,0.8,2.7,0.304,1.8,3.5,0.507,0.485,1.2,1.9,0.62,0.9,4,5,1.3,0.7,1,1.3,3,7.2
92,Ian Clark\clarkia01,SG,26,NOP,38,1,16.2,2,5,0.405,0.8,2.5,0.319,1.2,2.5,0.49,0.484,0.5,0.8,0.655,0.1,1.4,1.5,1.3,0.4,0.1,0.6,1.3,5.3
93,Jordan Clarkson\clarkjo01,SG,25,LAL,44,2,22.7,5.3,12.1,0.44,1.2,3.7,0.329,4.1,8.4,0.489,0.491,1.7,2.2,0.76,0.8,2,2.8,3,0.7,0,1.7,1.1,13.5
94,Gian Clavell\clavegi01,SG,24,DAL,7,0,9.1,0.9,2.6,0.333,0.9,2.1,0.4,0,0.4,0,0.5,0.3,0.3,1,0.1,0.9,1,0.4,0.3,0,0.3,1.1,2.9
95,Antonius Cleveland\clevean01,SG,23,DAL,13,0,6.2,0.3,1.1,0.286,0,0.1,0,0.3,1,0.308,0.286,0.2,0.3,0.5,0.2,0.6,0.8,0.2,0.5,0.3,0.2,0.8,0.8
96,John Collins\collijo01,PF,20,ATL,38,4,22.1,4.4,7.4,0.594,0,0.2,0.143,4.4,7.2,0.606,0.596,2.1,2.8,0.743,2.8,4.1,6.8,1.1,0.7,1.1,1.4,3.1,10.9
97,Zach Collins\colliza01,C,20,POR,28,1,14.7,1.8,4.3,0.405,0.4,1.3,0.324,1.3,3,0.44,0.455,0.3,0.6,0.438,0.8,2.1,2.9,0.8,0.3,0.4,0.8,2.1,4.2
98,Kyle Collinsworth\colliky01,SF,26,DAL,5,0,6.6,0.4,0.6,0.667,0.2,0.2,1,0.2,0.4,0.5,0.833,0.4,0.8,0.5,0,0.8,0.8,0.4,0.2,0,0.2,0.4,1.4
99,Darren Collison\collida01,PG,30,IND,43,43,30,4.7,9.3,0.503,1.3,2.9,0.432,3.4,6.3,0.535,0.57,2,2.3,0.888,0.6,2.2,2.8,5.3,1.2,0.2,1.3,1.9,12.6
100,Nick Collison\collini01,PF,37,OKC,8,0,5.5,0.6,0.8,0.833,0,0,0,0.6,0.8,0.833,0.833,0.4,0.5,0.75,0.4,1,1.4,0.4,0,0,0.3,0.6,1.6
101,Mike Conley\conlemi01,PG,30,MEM,12,12,31.1,5.3,14,0.381,2,6.4,0.312,3.3,7.6,0.44,0.452,4.4,5.5,0.803,0,2.3,2.3,4.1,1,0.3,1.5,2,17.1
102,Pat Connaughton\connapa01,SG,25,POR,44,5,20,2.5,5.3,0.462,1.1,3,0.368,1.3,2.3,0.584,0.566,0.6,0.7,0.839,0.3,2,2.3,1.2,0.2,0.3,0.6,1.5,6.6
103,Quinn Cook\cookqu01,PG,24,GSW,10,2,10.3,1.3,2.9,0.448,0.5,1.4,0.357,0.8,1.5,0.533,0.534,0.1,0.1,1,0.2,0.9,1.1,1.6,0,0,0.3,0.9,3.2
104,Charles Cooke\cookech01,SG,23,NOP,6,0,3,0.3,1.3,0.25,0.2,0.7,0.25,0.2,0.7,0.25,0.313,0.2,0.3,0.5,0,0,0,0.2,0.2,0,0.2,0,1
105,Jack Cooley\cooleja01,PF,26,SAC,1,0,2,0,1,0,0,0,0,0,1,0,0,2,2,1,0,1,1,1,0,0,0,0,2
106,Matt Costello\costema01,C,24,SAS,3,0,6,0.3,1,0.333,0,0,0,0.3,1,0.333,0.333,0,0,0,0.3,2,2.3,0,0,0.7,0.3,1.7,0.7
107,DeMarcus Cousins\couside01,C,27,NOP,44,44,36.1,8.5,18.2,0.469,2.2,6.1,0.352,6.4,12,0.528,0.528,6,8.1,0.747,2.2,10.5,12.7,5.1,1.6,1.6,5,3.8,25.3
108,Robert Covington\covinro01,PF,27,PHI,38,38,32.3,4.6,11.1,0.417,2.8,7.2,0.385,1.8,3.8,0.476,0.543,1.6,1.9,0.845,0.8,5.2,6,1.9,1.7,0.7,1.9,3.1,13.6
109,Allen Crabbe\crabbal01,SG,25,BRK,41,34,29.1,4,10.2,0.387,2.5,6.7,0.367,1.5,3.5,0.424,0.507,1.7,2,0.84,0.4,4,4.4,1.7,0.7,0.3,1.2,2.2,12
110,Torrey Craig\craigto01,SF,27,DEN,15,3,15,1.1,2.7,0.425,0.4,1.6,0.25,0.7,1.1,0.688,0.5,0.9,1.3,0.684,0.5,2,2.5,0.8,0.5,0.2,0.5,1.7,3.5
111,Jamal Crawford\crawfja01,SG,37,MIN,46,0,18.7,3.5,8.5,0.415,1.2,3.6,0.341,2.3,5,0.467,0.486,1.4,1.5,0.887,0.2,1,1.1,2.3,0.5,0.1,1.1,1.2,9.7
112,Jordan Crawford\crawfjo02,SG,29,NOP,2,0,18.5,3.5,7,0.5,2,2.5,0.8,1.5,4.5,0.333,0.643,0,0,0,1,0.5,1.5,4.5,0,0.5,2,3,9
113,Jae Crowder\crowdja01,SF,27,CLE,43,40,25.5,2.9,7.3,0.397,1.1,3.7,0.302,1.8,3.6,0.497,0.474,1.5,1.7,0.877,0.8,2.4,3.2,1.1,0.8,0.2,0.8,2.3,8.4
114,Dante Cunningham\cunnida01,SF,30,NOP,43,20,22,1.9,4.3,0.433,0.7,2.2,0.323,1.2,2.2,0.543,0.513,0.4,0.7,0.581,1,2.9,3.8,0.5,0.5,0.3,0.3,1.5,4.9
115,Stephen Curry\curryst01,PG,29,GSW,31,31,32.7,8.7,17.6,0.495,4.1,9.9,0.418,4.6,7.7,0.594,0.613,6.2,6.7,0.918,0.6,4.7,5.3,6.5,1.6,0.1,2.9,2.5,27.7
116,Troy Daniels\danietr01,SG,26,PHO,45,0,18.8,2.8,6.6,0.419,2.2,5.3,0.414,0.6,1.3,0.441,0.586,0.7,0.8,0.889,0.1,1.1,1.2,0.6,0.2,0,0.7,1.6,8.5
117,Anthony Davis\davisan02,PF,24,NOP,38,38,36.1,9.7,17.5,0.557,0.7,2,0.347,9.1,15.5,0.584,0.577,6.5,7.9,0.818,2.6,7.9,10.5,2.3,1.1,2.1,1.9,1.9,26.7
118,Deyonta Davis\davisde01,C,21,MEM,30,1,11.7,1.9,3.1,0.63,0,0,0,1.9,3.1,0.63,0.63,0.6,0.8,0.739,0.9,2.3,3.1,0.4,0.2,0.7,0.6,1.8,4.4
119,Ed Davis\davised01,C,28,POR,44,0,18.3,2,3.7,0.54,0,0,0,2,3.7,0.54,0.54,1,1.5,0.627,2.3,4.4,6.7,0.4,0.5,0.6,0.9,2.5,5
120,Dewayne Dedmon\dedmode01,C,28,ATL,25,20,23.8,4.4,7.7,0.565,0.6,1.7,0.381,3.7,6,0.616,0.606,1.2,1.5,0.763,2,5.9,7.8,1.4,0.4,0.8,1.5,3.2,10.5
121,Sam Dekker\dekkesa01,PF,23,LAC,40,1,14.9,2.1,4.5,0.458,0.2,1.3,0.132,1.9,3.2,0.595,0.478,0.7,0.9,0.703,0.7,2.1,2.8,0.6,0.5,0.2,0.6,1.1,4.9
122,Malcolm Delaney\delanma01,PG,28,ATL,36,2,19.2,2.1,5.3,0.393,0.8,2.3,0.354,1.3,3,0.422,0.469,1.3,1.7,0.783,0.2,1.8,1.9,2.4,0.6,0.1,1,1.6,6.3
123,Matthew Dellavedova\dellama01,PG,27,MIL,29,3,18.3,1.6,4.2,0.382,0.8,2,0.373,0.9,2.2,0.391,0.472,0.5,0.6,0.882,0.4,1.1,1.6,3.8,0.3,0,1.3,1.8,4.5
124,Luol Deng\denglu01,SF,32,LAL,1,1,13,1,2,0.5,0,0,0,1,2,0.5,0.5,0,0,0,0,0,0,1,1,0,1,0,2
125,DeMar DeRozan\derozde01,SG,28,TOR,43,43,34.7,8.8,18.4,0.48,1.1,3.2,0.35,7.7,15.2,0.508,0.511,6.4,7.7,0.825,0.8,3.3,4.1,5,1.1,0.3,2.3,1.8,25.2
126,Cheick Diallo\diallch01,PF,21,NOP,22,0,6.7,1.1,2,0.556,0,0,0,1.1,2,0.556,0.556,0.5,0.7,0.688,0.5,1.5,2,0.2,0,0,0.4,1.2,2.8
127,Gorgui Dieng\dienggo01,C,28,MIN,43,0,18.3,2.5,5.2,0.486,0.3,0.9,0.308,2.2,4.3,0.525,0.514,1.2,1.6,0.776,1.5,3.4,4.8,1.1,0.7,0.4,0.9,2,6.5
128,Spencer Dinwiddie\dinwisp01,PG,24,BRK,44,34,28.2,4.3,11.1,0.388,1.9,5.8,0.336,2.4,5.4,0.443,0.474,2.6,3.2,0.807,0.6,2.7,3.3,6.5,0.8,0.4,1.4,2.5,13.1
129,Tyler Dorsey\dorsety01,SG,21,ATL,18,0,7.6,0.9,2.9,0.308,0.7,1.8,0.375,0.2,1.1,0.2,0.423,0.3,0.4,0.75,0.2,0.9,1.1,0.4,0.1,0.1,0.3,0.4,2.8
130,Damyean Dotson\dotsoda01,SG,23,NYK,20,2,8.8,1.2,2.6,0.451,0.3,1.1,0.273,0.9,1.5,0.586,0.51,0.1,0.2,0.667,0.2,1.2,1.4,0.5,0.2,0.1,0.2,0.7,2.7
131,Milton Doyle\doylemi01,SG,24,BRK,6,0,10.5,1.2,4.2,0.28,0.3,2.2,0.154,0.8,2,0.417,0.32,0.3,0.5,0.667,0.3,1.2,1.5,0.7,0.3,0.2,0.3,0.5,3
132,Goran Dragic\dragigo01,PG,31,MIA,41,41,32.1,6.4,14.7,0.439,1.5,4.2,0.356,4.9,10.4,0.472,0.49,2.9,3.7,0.771,0.7,3.5,4.2,4.9,0.9,0.2,2.5,2.3,17.3
133,Andre Drummond\drumman01,C,24,DET,41,41,32.9,5.8,10.7,0.543,0,0.1,0,5.8,10.6,0.547,0.543,2.9,4.7,0.625,4.9,10,15,3.8,1.6,1.2,2.8,3.2,14.5
134,Jared Dudley\dudleja01,PF,32,PHO,19,0,12.1,0.9,2.3,0.395,0.6,1.5,0.393,0.3,0.8,0.4,0.523,0.5,0.6,0.818,0.4,1.6,2,1.5,0.4,0.1,0.4,1.6,2.8
135,Kris Dunn\dunnkr01,PG,23,CHI,40,31,29.6,5.8,13.4,0.433,0.8,2.6,0.324,5,10.8,0.458,0.463,1.3,1.9,0.703,0.6,4.1,4.6,6.4,2.1,0.5,3,3.3,13.7
136,Kevin Durant\duranke01,PF,29,GSW,38,38,34.7,9.4,18.4,0.511,2.5,6.2,0.404,6.9,12.2,0.566,0.579,4.9,5.5,0.889,0.6,6.4,6.9,5.4,0.8,2.1,3.1,2.2,26.2
137,Henry Ellenson\ellenhe01,PF,21,DET,17,0,7,1.3,3.4,0.386,0.5,1.4,0.391,0.8,2,0.382,0.465,0.1,0.2,0.333,0.2,1.9,2.1,0.4,0.2,0,0.5,0.5,3.2
138,Wayne Ellington\ellinwa01,SG,30,MIA,44,0,25.1,3.5,8.5,0.417,2.9,7.2,0.407,0.6,1.3,0.474,0.59,0.8,1,0.857,0.3,2.6,2.9,1,0.6,0.1,0.6,1.1,10.8
139,Joel Embiid\embiijo01,C,23,PHI,31,31,31.3,8.2,16.9,0.486,0.9,3.1,0.289,7.3,13.7,0.531,0.512,6.5,8.2,0.798,2.2,8.6,10.8,3.4,0.6,1.9,4.2,3.5,23.8
140,James Ennis\ennisja01,SF,27,MEM,41,14,23.6,2.4,4.9,0.5,0.7,1.9,0.351,1.8,3,0.593,0.568,1.5,1.7,0.884,1.1,2.3,3.5,1.1,0.7,0.2,0.9,1.8,7
141,Tyler Ennis\ennisty01,PG,23,LAL,25,5,10.9,1.4,3.6,0.378,0.2,1,0.154,1.2,2.6,0.469,0.4,0.5,0.6,0.857,0.3,1.2,1.4,1.9,0.4,0.2,0.5,1.4,3.4
142,Jawun Evans\evansja01,PG,21,LAC,37,4,18.4,2.2,6.3,0.352,0.4,1.3,0.271,1.9,5,0.373,0.38,0.9,1.2,0.778,0.2,1.8,2.1,2.4,0.8,0.2,1.1,2.2,5.7
143,Tyreke Evans\evansty01,PG,28,MEM,42,23,31.1,7.3,15.6,0.466,2.2,5.4,0.403,5.1,10.2,0.499,0.535,3,3.8,0.794,0.9,4.3,5.2,4.9,1.1,0.3,2,1.9,19.7
144,Kenneth Faried\farieke01,PF,28,DEN,30,7,14.9,2.5,4.7,0.525,0,0,0,2.5,4.7,0.529,0.525,1.2,1.6,0.735,2.1,2.7,4.8,0.6,0.4,0.4,0.8,1.6,6.1
145,Derrick Favors\favorde01,C,26,UTA,41,41,28.2,5.1,9.2,0.554,0.1,0.5,0.238,5,8.7,0.573,0.561,2.1,2.9,0.723,2.5,4.5,7,1.5,0.7,1,1.3,2.3,12.5
146,Kay Felder\feldeka01,PG,22,CHI,14,0,9.6,1.4,4.7,0.303,0.3,1.3,0.222,1.1,3.4,0.333,0.333,0.8,0.9,0.917,0.1,0.9,1,1.4,0.2,0.1,1.1,0.8,3.9
148,Raymond Felton\feltora01,PG,33,OKC,45,0,17.1,2.8,6.8,0.421,0.8,2.5,0.336,2,4.2,0.471,0.484,0.4,0.6,0.692,0.3,1.7,2,2.5,0.6,0.1,0.9,1,6.9
149,Terrance Ferguson\fergute01,SG,19,OKC,30,7,11.8,1,2.7,0.383,0.5,1.8,0.264,0.6,0.9,0.607,0.469,0,0.1,0.5,0.3,0.4,0.7,0.3,0.5,0.1,0.2,1.5,2.6
150,Yogi Ferrell\ferreyo01,SG,24,DAL,45,15,28.8,3.7,8.3,0.448,1.6,4.1,0.4,2.1,4.2,0.495,0.547,1.1,1.4,0.785,0.4,3.1,3.5,2.4,0.7,0.1,1.1,2.2,10.2
151,Dorian Finney-Smith\finnedo01,PF,24,DAL,8,1,11.8,1.3,2.8,0.455,0.6,1.8,0.357,0.6,1,0.625,0.568,0.1,0.3,0.5,0.6,0.6,1.3,0.6,0,0.1,0.9,1.6,3.3
152,Bryn Forbes\forbebr01,SG,24,SAS,46,12,20.8,2.9,6.9,0.424,1.3,3.2,0.392,1.7,3.7,0.452,0.516,0.3,0.7,0.467,0.2,1.2,1.4,1,0.4,0,0.5,1.6,7.4
153,Evan Fournier\fournev01,SF,25,ORL,36,36,32.6,6.5,14.1,0.463,2.2,5.6,0.396,4.3,8.5,0.507,0.541,2.7,3,0.89,0.5,2.7,3.2,2.9,0.9,0.3,2,2.5,18
154,De'Aaron Fox\foxde01,PG,20,SAC,37,24,26.7,4,9.9,0.402,0.5,1.6,0.295,3.5,8.2,0.423,0.426,1.8,2.5,0.707,0.4,2.2,2.6,4.2,1,0.2,2.4,2.4,10.2
155,Tim Frazier\fraziti01,PG,27,WAS,34,11,15.3,1.3,3.1,0.41,0.3,1.1,0.306,0.9,2,0.464,0.462,0.4,0.5,0.778,0.3,1.7,2,3.4,0.8,0.1,1.2,1.7,3.3
156,Channing Frye\fryech01,C,34,CLE,36,1,11.4,1.7,3.3,0.5,0.6,1.7,0.344,1.1,1.6,0.661,0.588,0.2,0.2,1,0.2,2,2.2,0.6,0.3,0.2,0.3,1.2,4.1
157,Markelle Fultz\fultzma01,SG,19,PHI,4,0,19,2.3,6.8,0.333,0,0,0,2.3,6.8,0.333,0.333,1.5,3,0.5,0.8,1.5,2.3,1.8,0.5,0.3,1.5,1.5,6
158,Danilo Gallinari\gallida01,SF,29,LAC,11,11,31.7,4.4,12.6,0.345,1.5,5.6,0.258,2.9,7,0.416,0.403,3.2,3.3,0.972,0.2,4.2,4.4,2.5,0.7,0.2,1.5,1.5,13.4
159,Langston Galloway\gallola01,SG,26,DET,35,0,14.9,2.3,5.8,0.389,1.5,3.9,0.37,0.8,1.9,0.431,0.515,0.6,0.7,0.808,0.2,1.5,1.7,0.7,0.6,0.1,0.3,0.7,6.6
160,Marc Gasol\gasolma01,C,33,MEM,42,42,34.6,6.3,15.1,0.418,1.4,4.2,0.33,5,11,0.452,0.464,4.4,5.2,0.836,1.3,7.3,8.6,4,0.7,1.5,2.9,2.5,18.4
161,Pau Gasol\gasolpa01,C,37,SAS,44,44,25,3.9,8.4,0.464,0.8,1.9,0.424,3.1,6.5,0.476,0.512,1.8,2.3,0.786,1.5,6.7,8.2,3.3,0.3,1,1.5,1.5,10.5
162,Rudy Gay\gayru01,PF,31,SAS,34,5,22.7,4.3,9.1,0.476,0.7,2,0.333,3.6,7.1,0.517,0.513,2.1,2.7,0.785,1.4,3.8,5.2,1.5,0.8,0.6,1.6,1.8,11.5
163,Paul George\georgpa01,SF,27,OKC,42,42,36.5,7,16.2,0.43,3.1,7.2,0.428,3.9,9,0.432,0.526,3.4,4.2,0.806,0.9,4.6,5.5,3,2.2,0.6,2.9,3.1,20.4
164,Marcus Georges-Hunt\georgma01,SG,23,MIN,25,0,4,0.4,0.8,0.524,0.1,0.3,0.286,0.4,0.6,0.643,0.571,0.1,0.3,0.375,0.1,0.1,0.2,0.1,0.2,0,0.1,0.6,1.1
165,Taj Gibson\gibsota01,PF,32,MIN,46,46,33.5,5.1,8.8,0.574,0.2,0.6,0.241,4.9,8.2,0.599,0.583,1.8,2.3,0.776,2.6,5.1,7.7,1.3,0.8,0.7,1.2,2.8,12.1
166,Manu Ginobili\ginobma01,SG,40,SAS,37,0,20.5,3.2,7.2,0.451,1,3.1,0.325,2.2,4.1,0.546,0.521,1.6,1.8,0.866,0.3,1.9,2.2,2.4,0.7,0.3,1.6,1.8,9.1
167,Rudy Gobert\goberru01,C,25,UTA,18,18,29.9,4.2,7.1,0.598,0,0,0,4.2,7.1,0.598,0.598,3.1,4.6,0.683,2.6,6.9,9.6,1.2,0.6,2.3,1.9,2.3,11.6
168,Aaron Gordon\gordoaa01,PF,22,ORL,35,34,33.6,6.7,14.6,0.459,2.1,5.8,0.366,4.6,8.8,0.519,0.531,3.1,4.2,0.743,1.5,6.4,8,2.1,0.8,0.7,1.8,2,18.6
169,Eric Gordon\gordoer01,SG,29,HOU,40,23,32.7,6.5,15.6,0.417,3.2,9.6,0.337,3.3,6,0.546,0.521,3.5,4.2,0.827,0.4,2,2.3,2.6,0.7,0.4,2.3,1.9,19.7
170,Marcin Gortat\gortama01,C,33,WAS,45,45,27.2,3.8,7,0.539,0,0,0,3.8,7,0.539,0.539,1.4,2.4,0.604,2.2,6,8.3,1.8,0.6,0.8,1.2,2.2,9
171,Treveon Graham\grahatr01,SG,24,CHO,30,0,17,1.8,4.1,0.447,0.7,1.7,0.44,1.1,2.4,0.452,0.537,0.8,1,0.742,0.7,1.6,2.3,1.1,0.4,0,0.6,1.9,5.2
172,Jerami Grant\grantje01,PF,23,OKC,44,1,20.7,2.7,5.4,0.5,0.3,1.4,0.25,2.4,4,0.584,0.532,1.5,2.2,0.67,1.1,2.7,3.8,0.7,0.5,0.9,0.8,2,7.2
173,Jerian Grant\grantje02,PG,25,CHI,45,15,21.2,2.7,6.5,0.408,0.7,2.4,0.294,2,4.1,0.476,0.463,1.6,2.2,0.713,0.4,1.9,2.2,4.6,0.7,0.1,1.1,1.8,7.6
174,Danny Green\greenda02,SG,30,SAS,35,35,26.5,3.3,7.9,0.415,1.8,4.4,0.4,1.5,3.5,0.434,0.527,0.4,0.6,0.682,0.4,3,3.5,1.7,1.1,1.1,1.3,1.4,8.8
175,Draymond Green\greendr01,PF,27,GSW,39,39,32.3,3.9,8.7,0.454,1.2,3.9,0.305,2.8,4.8,0.574,0.522,2,2.6,0.772,1.2,6.8,7.9,7.6,1.3,1.3,2.7,2.6,11.1
176,Gerald Green\greenge01,SG,32,HOU,10,0,26.7,5.2,11.9,0.437,3.4,8.2,0.415,1.8,3.7,0.486,0.58,1.8,2,0.9,0.5,2.7,3.2,0.9,0.7,0.3,1,2.4,15.6
177,JaMychal Green\greenja01,PF,27,MEM,28,28,26.9,4,8.5,0.468,0.9,2.3,0.397,3.1,6.2,0.494,0.521,1.5,2.1,0.712,2.4,4.6,7,1.3,0.6,0.3,1.6,2.6,10.3
178,Jeff Green\greenje02,PF,31,CLE,43,0,22.6,3.8,7.9,0.479,0.7,2,0.333,3.1,6,0.527,0.521,2.7,3.2,0.868,0.9,2.4,3.4,1.4,0.6,0.3,1,1.9,11
179,Blake Griffin\griffbl01,PF,28,LAC,28,28,34.1,7.5,17.4,0.433,1.8,5.5,0.331,5.7,11.9,0.48,0.486,5.4,6.9,0.792,1.6,6.2,7.8,5.3,0.8,0.3,3.2,2.4,22.3
180,Daniel Hamilton\hamilda02,SG,22,OKC,2,0,4.5,1.5,2.5,0.6,0.5,1,0.5,1,1.5,0.667,0.7,0,0,0,0,0.5,0.5,2,0.5,0,0,0,3.5
181,Tim Hardaway\hardati02,SG,25,NYK,24,21,33.3,6.3,14.9,0.426,2.3,7.4,0.316,4,7.5,0.533,0.504,3,3.7,0.798,0.8,3.4,4.2,3.2,1.2,0.2,1.7,2.1,18
182,James Harden\hardeja01,SG,28,HOU,35,35,36.3,9.5,21.2,0.451,4.1,10.6,0.39,5.4,10.5,0.512,0.549,9.1,10.5,0.867,0.5,4.5,5,9.1,1.8,0.5,4.4,2.7,32.3
183,Maurice Harkless\harklma01,SF,24,POR,37,19,20.5,2.1,4.7,0.445,0.6,1.7,0.339,1.5,3,0.505,0.506,0.6,0.9,0.706,0.7,2.1,2.7,0.7,0.7,0.8,0.8,1.6,5.4
184,Montrezl Harrell\harremo01,C,24,LAC,38,3,14.8,3.4,5.7,0.601,0,0,0,3.4,5.7,0.604,0.601,1.4,2.4,0.593,1.3,2.5,3.8,0.7,0.4,0.7,0.8,1.4,8.3
185,Devin Harris\harride01,PG,34,DAL,39,1,18.6,2.7,6.6,0.41,1,2.9,0.354,1.7,3.7,0.455,0.488,2.2,2.7,0.819,0.2,1.7,1.9,1.9,0.8,0.2,1.1,2.3,8.6
186,Gary Harris\harriga01,SG,23,DEN,41,41,34.9,6.6,13.2,0.497,2.2,5.8,0.384,4.4,7.5,0.585,0.581,1.8,2.2,0.811,0.6,2.1,2.7,3.2,2,0.3,1.9,1.8,17.2
187,Joe Harris\harrijo01,SG,26,BRK,43,6,24.9,3.7,7.9,0.471,1.9,4.9,0.387,1.8,3,0.609,0.591,0.9,1.1,0.776,0.6,2.6,3.2,1.4,0.5,0.2,1,1.8,10.2
188,Tobias Harris\harrito02,PF,25,DET,43,43,32.5,6.6,14.5,0.458,2.4,5.7,0.424,4.2,8.8,0.48,0.542,2.4,2.9,0.837,0.8,4.4,5.2,1.9,0.7,0.3,1,1.8,18.1
189,Andrew Harrison\harrian01,PG,23,MEM,36,26,21.1,2.4,6.2,0.381,0.7,2.1,0.312,1.7,4.1,0.418,0.435,1.9,2.6,0.761,0.4,1.8,2.3,2.4,0.7,0.4,1.2,2.1,7.3
190,Josh Hart\hartjo01,SG,22,LAL,39,8,18.9,2,4.6,0.436,0.9,2.4,0.372,1.1,2.2,0.506,0.533,0.7,1,0.718,0.4,2.6,3.1,1,0.7,0.2,0.5,1.6,5.7
191,Udonis Haslem\hasleud01,C,37,MIA,8,0,5.6,0.3,0.6,0.4,0.1,0.4,0.333,0.1,0.3,0.5,0.5,0,0,0,0.3,0.4,0.6,0.4,0,0.1,0.3,0.3,0.6
192,Gordon Hayward\haywago01,SF,27,BOS,1,1,5,1,2,0.5,0,1,0,1,1,1,0.5,0,0,0,0,1,1,0,0,0,0,1,2
193,John Henson\hensojo01,C,27,MIL,43,36,24.8,3.7,6.2,0.59,0,0.1,0,3.7,6.1,0.598,0.59,1.1,2.1,0.551,1.9,4.9,6.8,1.3,0.5,1.5,1.3,2.8,8.5
194,Juan Hernangomez\hernaju01,PF,22,DEN,18,3,11.8,1.1,2.8,0.373,0.6,1.9,0.314,0.4,0.9,0.5,0.48,0.5,0.6,0.818,0.8,1.6,2.3,0.4,0.2,0.2,0.4,1,3.2
195,Willy Hernangomez\hernawi01,C,23,NYK,19,0,9.3,2.1,3.5,0.582,0.1,0.2,0.25,2,3.3,0.603,0.59,0.4,1.1,0.35,1.1,1.9,2.9,0.7,0.3,0.3,1.1,1.5,4.5
196,Mario Hezonja\hezonma01,SF,22,ORL,37,9,17.3,2.8,6.1,0.455,0.9,2.7,0.33,1.9,3.4,0.556,0.529,0.5,0.6,0.792,0.5,2.6,3.1,1,0.6,0.2,1,1.7,6.9
197,Buddy Hield\hieldbu01,SG,24,SAC,42,11,24,4.7,10.8,0.438,2,4.6,0.428,2.7,6.1,0.446,0.53,0.9,1,0.886,0.5,3,3.5,1.7,0.9,0.2,1.4,1.8,12.3
198,Nene Hilario\hilarne01,C,35,HOU,27,3,14.9,2.9,4.8,0.608,0,0.1,0,2.9,4.7,0.617,0.608,1.5,2.2,0.695,0.8,2.5,3.3,0.9,0.6,0.3,0.9,2.6,7.4
199,George Hill\hillge01,PG,31,SAC,37,36,27.2,3.6,7.9,0.462,1.4,3.1,0.456,2.2,4.8,0.466,0.551,1.8,2.3,0.774,0.5,2.4,3,2.7,0.9,0.3,1.5,1.7,10.5
200,Darrun Hilliard\hillida01,SG,24,SAS,6,0,8.3,0.2,1.5,0.111,0,0.5,0,0.2,1,0.167,0.111,0.2,0.3,0.5,0,0.7,0.7,0.7,0.3,0,0.5,0.8,0.5
201,Jrue Holiday\holidjr01,SG,27,NOP,44,44,36.9,7.3,14.7,0.497,1.7,5,0.342,5.6,9.8,0.576,0.555,2.2,2.8,0.803,0.6,3.8,4.4,5.1,1.5,0.6,2.7,2.3,18.6
202,Justin Holiday\holidju01,SG,28,CHI,44,44,34.2,4.5,11.8,0.382,2.5,6.5,0.383,2,5.3,0.381,0.488,2.2,2.6,0.833,0.6,4,4.6,2.3,1.1,0.6,1.3,1.9,13.7
203,John Holland\hollajo02,SF,29,CLE,4,0,4.3,0.3,1,0.25,0.3,0.5,0.5,0,0.5,0,0.375,0,0,0,0,0.5,0.5,0,0,0,0.3,0,0.8
204,Rondae Hollis-Jefferson\holliro01,SF,23,BRK,42,41,28.5,5.3,11.1,0.478,0.2,0.9,0.25,5.1,10.3,0.497,0.487,3.8,4.8,0.797,1.5,5.1,6.6,2.2,0.9,0.7,1.7,2.1,14.7
205,Richaun Holmes\holmeri01,C,24,PHI,22,2,16.4,3,5.6,0.528,0.1,0.9,0.158,2.8,4.7,0.596,0.541,0.8,1.1,0.708,1.2,3.6,4.8,1.1,0.4,0.5,0.6,2.5,6.8
206,Rodney Hood\hoodro01,SG,25,UTA,35,11,28.2,5.9,14.5,0.409,2.7,7,0.386,3.2,7.4,0.431,0.503,2.1,2.5,0.862,0.3,2.5,2.9,1.7,0.8,0.2,1.7,1.7,16.7
207,Al Horford\horfoal01,C,31,BOS,41,41,32.6,5.4,10.4,0.52,1.4,3.3,0.434,4,7.1,0.56,0.589,1.1,1.6,0.723,1.5,6.4,7.9,5.3,0.6,1,2,1.8,13.4
208,Danuel House\houseda01,SG,24,PHO,11,0,12.9,1.4,3.9,0.349,0.5,1.7,0.263,0.9,2.2,0.417,0.407,1.4,1.5,0.882,0.5,1.6,2.1,0.5,0.4,0,0.5,0.9,4.5
209,Dwight Howard\howardw01,C,32,CHO,43,43,30.3,5.7,10.6,0.538,0,0,0,5.7,10.6,0.541,0.538,4.1,7.7,0.532,3.5,9,12.4,1.4,0.7,1.4,3.1,3.2,15.5
210,Josh Huestis\huestjo01,PF,26,OKC,39,1,14.7,1,2.7,0.365,0.5,1.8,0.29,0.5,0.9,0.514,0.462,0.1,0.3,0.273,0.6,1.8,2.3,0.3,0.3,0.7,0.5,1.3,2.5
211,R.J. Hunter\hunterj01,SG,24,HOU,1,0,1,0,0,0,0,0,0,0,0,0,0,0,0,0,0,1,1,1,0,0,0,0,0
212,Vince Hunter\huntevi01,PF,23,MEM,4,0,1.8,0.8,1.3,0.6,0,0,0,0.8,1.3,0.6,0.6,0,0,0,0.5,0.3,0.8,0,0,0.3,0.3,0,1.5
213,Serge Ibaka\ibakase01,PF,28,TOR,38,38,27.9,5.3,11,0.484,1.4,4,0.362,3.9,7,0.554,0.55,1.3,1.7,0.762,1,5.1,6.1,0.7,0.4,1.5,1.2,2.8,13.4
214,Andre Iguodala\iguodan01,SF,34,GSW,39,4,25.9,2.2,5.1,0.422,0.4,1.8,0.225,1.7,3.3,0.531,0.462,0.9,1.4,0.661,0.8,3,3.8,3.4,0.8,0.6,1.1,1.4,5.7
215,Ersan Ilyasova\ilyaser01,PF,30,ATL,33,27,26,4.2,9.2,0.459,1.5,3.8,0.405,2.7,5.4,0.497,0.543,1.5,1.9,0.762,1.9,3.9,5.8,1.2,0.9,0.3,1,2.1,11.4
216,Joe Ingles\inglejo01,SF,30,UTA,44,44,30.6,3.4,7.8,0.436,2.3,5.3,0.423,1.1,2.5,0.463,0.58,0.4,0.5,0.792,0.3,4,4.3,4.3,1,0.2,1.8,2.1,9.5
217,Brandon Ingram\ingrabr01,SF,20,LAL,41,41,34,5.9,12.9,0.46,0.6,1.6,0.358,5.3,11.2,0.475,0.483,3.4,5,0.676,1,4.3,5.3,3.4,0.8,0.7,2.6,2.9,15.9
218,Kyrie Irving\irvinky01,PG,25,BOS,43,43,32.7,8.8,18.6,0.473,2.6,6.7,0.39,6.2,11.9,0.519,0.543,3.9,4.4,0.884,0.6,3,3.6,5,1.2,0.3,2.4,2.2,24.1
219,Jonathan Isaac\isaacjo01,PF,20,ORL,15,2,18.9,2,4.9,0.405,0.3,1.2,0.278,1.7,3.7,0.446,0.439,0.9,1.2,0.778,0.8,2.9,3.7,0.7,0.7,1,1,1.7,5.3
220,Wesley Iwundu\iwundwe01,SF,23,ORL,26,3,13.9,1.5,3.3,0.46,0.2,0.7,0.235,1.4,2.7,0.514,0.483,0.4,0.7,0.647,0.5,1.6,2,1.1,0.4,0.1,0.3,1,3.7
221,Jarrett Jack\jackja01,PG,34,NYK,43,42,26.8,3.3,7.5,0.441,0.4,1.3,0.296,2.9,6.2,0.47,0.466,1,1.2,0.788,0.3,3.1,3.5,6.1,0.7,0,2,1.8,7.9
222,Demetrius Jackson\jacksde01,PG,23,HOU,12,0,5.3,0.3,1.2,0.286,0,0.5,0,0.3,0.7,0.5,0.286,0,0,0,0.3,0.6,0.9,0.4,0.3,0.1,0.8,0.5,0.7
223,Josh Jackson\jacksjo02,SF,20,PHO,43,16,22.1,3.6,9.3,0.388,0.7,2.5,0.262,3,6.9,0.434,0.423,1.7,3,0.578,1.1,2.6,3.7,1.3,0.9,0.3,1.7,2.7,9.6
224,Justin Jackson\jacksju01,SF,22,SAC,30,5,17,2,5.2,0.381,0.8,2.4,0.315,1.2,2.7,0.439,0.455,0.3,0.4,0.692,0.3,1.4,1.7,0.7,0.4,0.2,0.6,1,5
225,Reggie Jackson\jacksre01,PG,27,DET,33,33,27.1,5.5,12.3,0.446,1.3,3.8,0.339,4.2,8.5,0.493,0.498,2.4,2.8,0.84,0.7,2.2,2.8,5.5,0.6,0.1,2.5,2.1,14.6
226,LeBron James\jamesle01,PF,33,CLE,43,43,36.9,10.4,18.7,0.557,1.8,4.9,0.376,8.6,13.8,0.62,0.606,4.6,6,0.77,1.2,6.8,8,8.8,1.7,1.1,4.3,1.7,27.3
227,Mike James\jamesmi02,PG,27,PHO,32,10,20.9,3.8,9.8,0.388,0.8,3,0.268,3,6.7,0.442,0.429,2,2.6,0.762,0.4,2.4,2.8,3.8,0.8,0.2,1.5,1.4,10.4
228,Al Jefferson\jeffeal01,C,33,IND,17,0,13.9,3,5.5,0.548,0,0.1,0,3,5.4,0.554,0.548,0.7,0.9,0.75,0.9,3.6,4.5,0.8,0.5,0.6,0.8,1.9,6.7
229,Richard Jefferson\jefferi01,SF,37,DEN,14,0,8.4,0.6,1.5,0.381,0.1,0.4,0.167,0.5,1.1,0.467,0.405,0.3,0.5,0.571,0.1,0.8,0.9,0.6,0.1,0,0.3,0.6,1.5
230,Jonas Jerebko\jerebjo01,PF,30,UTA,36,17,17.1,2.4,4.9,0.478,0.9,2.3,0.42,1.4,2.7,0.526,0.573,0.7,0.8,0.893,0.9,2.6,3.5,0.7,0.5,0.1,0.4,2.1,6.4
231,Amir Johnson\johnsam01,C,30,PHI,37,8,15.5,2,3.8,0.528,0.1,0.4,0.2,1.9,3.4,0.567,0.539,0.7,1.2,0.6,1.8,3,4.8,1.4,0.7,0.7,0.9,2.9,4.9
232,Brice Johnson\johnsbr02,PF,23,LAC,9,0,4.2,0.8,1.2,0.636,0,0.1,0,0.8,1.1,0.7,0.636,0.2,0.2,1,0.2,1.2,1.4,0.1,0.7,0.2,0.4,0.8,1.8
233,Dakari Johnson\johnsda04,C,22,OKC,20,5,6.3,1,1.8,0.543,0,0,0,1,1.8,0.543,0.543,0.4,0.7,0.571,0.6,0.7,1.3,0.4,0.3,0.3,0.2,1.1,2.3
234,James Johnson\johnsja01,PF,30,MIA,36,14,26.6,3.9,8.2,0.476,0.9,2.6,0.326,3.1,5.6,0.547,0.529,1.6,2.3,0.679,0.8,4.2,5,4,0.9,0.7,2.1,2.8,10.3
235,Joe Johnson\johnsjo02,SF,36,UTA,23,3,22,2.9,7,0.41,0.7,2.5,0.259,2.2,4.5,0.495,0.457,0.7,0.9,0.8,0.4,3,3.3,1.5,0.4,0.2,1.1,1.1,7.1
236,Stanley Johnson\johnsst04,SF,21,DET,32,22,27.5,2.4,7,0.348,1,3.4,0.291,1.4,3.6,0.404,0.42,1.4,1.8,0.776,0.5,3.3,3.7,1.4,1.3,0.2,0.8,2.4,7.3
237,Tyler Johnson\johnsty01,PG,25,MIA,40,12,29.4,4.3,10.1,0.428,1.7,4.7,0.355,2.7,5.5,0.491,0.51,1.8,2,0.877,0.5,3.1,3.6,2.2,0.8,0.6,1.2,2.2,12.1
238,Wesley Johnson\johnswe01,SF,30,LAC,39,23,23.9,2.5,6.1,0.409,1,3,0.325,1.5,3.1,0.492,0.489,0.9,1.2,0.783,0.5,3.2,3.7,1,1.1,1,1.1,2.3,6.9
239,Nikola Jokic\jokicni01,C,22,DEN,38,36,30.9,6,12.5,0.478,1.2,3.6,0.324,4.8,8.9,0.54,0.524,3.1,3.6,0.862,2.7,7.5,10.2,5,1.3,0.8,2.6,2.6,16.2
240,Damian Jones\jonesda03,C,22,GSW,1,0,2,0,0,0,0,0,0,0,0,0,0,0,0,0,1,0,1,0,0,0,0,1,0
241,Derrick Jones\jonesde02,SF,20,TOT,11,3,11.4,1.1,2.1,0.522,0.1,0.6,0.143,1,1.5,0.688,0.543,1.1,1.5,0.706,0.6,0.7,1.4,0.5,0.3,0.7,0.2,1.1,3.4
242,Jalen Jones\jonesja04,SF,24,NOP,4,0,4.8,0.3,1,0.25,0.3,0.3,1,0,0.8,0,0.375,0.5,0.5,1,0,0.8,0.8,0,0,0,0,0.5,1.3
243,Tyus Jones\jonesty01,PG,21,MIN,46,10,18.6,1.7,3.8,0.451,0.5,1.4,0.333,1.2,2.3,0.523,0.514,0.8,0.9,0.878,0.2,1.6,1.8,2.8,1.3,0,0.7,1.3,4.7
244,DeAndre Jordan\jordade01,C,29,LAC,41,41,32.1,4.9,7.3,0.661,0,0,0,4.9,7.3,0.661,0.661,2,3.4,0.604,4.4,10.5,14.9,1.2,0.5,1,1.7,2.9,11.8
245,Cory Joseph\josepco01,PG,26,IND,44,1,25.6,3.1,7.1,0.441,0.9,2.3,0.402,2.2,4.8,0.459,0.506,0.9,1.2,0.804,0.3,2.4,2.8,3.2,0.9,0.3,1.1,1.5,8.1
246,Frank Kaminsky\kaminfr01,PF,24,CHO,40,0,23.2,4.1,9.5,0.426,1.2,3.4,0.356,2.9,6.1,0.465,0.489,1.6,2,0.785,0.6,3.3,3.9,1.5,0.5,0.3,0.8,1.4,10.9
247,Enes Kanter\kanteen01,C,25,NYK,42,42,25.2,5.8,9.7,0.603,0,0,0,5.8,9.6,0.606,0.603,1.9,2.2,0.87,3.5,6.5,9.9,1.3,0.5,0.5,1.7,2.4,13.6
248,Luke Kennard\kennalu01,SG,21,DET,37,4,17.6,2.5,5.6,0.44,1,2.3,0.429,1.5,3.3,0.447,0.527,0.5,0.6,0.833,0.2,1.8,2,1.2,0.7,0.2,0.9,0.9,6.4
249,Michael Kidd-Gilchrist\kiddgmi01,SF,24,CHO,37,37,26.5,4.3,8.6,0.494,0,0.1,0,4.3,8.6,0.497,0.494,1.8,2.6,0.67,1.3,3.5,4.8,1.2,0.8,0.6,0.7,2.1,10.3
250,Sean Kilpatrick\kilpase01,SG,28,TOT,24,0,10.5,1.6,4.8,0.333,0.7,2.4,0.276,0.9,2.3,0.393,0.404,0.9,1,0.957,0,1.9,1.9,0.8,0.1,0,0.8,0.7,4.8
251,Maxi Kleber\klebima01,PF,26,DAL,39,29,17.9,2.3,4.5,0.497,0.5,1.6,0.286,1.8,2.9,0.614,0.548,0.5,0.7,0.69,1.1,2.1,3.2,0.6,0.3,0.7,0.4,1.7,5.5
252,Furkan Korkmaz\korkmfu01,SG,20,PHI,6,0,5.3,0.5,2,0.25,0.2,1.3,0.125,0.3,0.7,0.5,0.292,0.3,0.3,1,0.3,0.7,1,0.3,0.2,0,0.2,0.7,1.5
253,Kyle Korver\korveky01,SG,36,CLE,43,0,22.2,3.3,7.1,0.459,2.4,5.5,0.434,0.9,1.6,0.543,0.626,0.8,0.9,0.875,0.1,1.9,2,1.2,0.4,0.3,0.7,1.7,9.7
254,Kosta Koufos\koufoko01,C,28,SAC,43,4,18.5,2.5,4.7,0.542,0,0,0,2.5,4.7,0.542,0.542,0.6,1.2,0.453,1.8,4,5.8,1.1,0.7,0.4,0.8,1.8,5.6
255,Kyle Kuzma\kuzmaky01,PF,22,LAL,43,20,31.2,6.2,13.6,0.458,2,5.3,0.371,4.3,8.3,0.514,0.531,2.1,2.8,0.738,1.4,4.8,6.2,1.9,0.6,0.4,1.9,2.2,16.5
256,Mindaugas Kuzminskas\kuzmimi01,SF,28,NYK,1,0,2,0,2,0,0,0,0,0,2,0,0,0,0,0,0,0,0,0,0,0,0,0,0
257,Skal Labissiere\labissk01,PF,21,SAC,38,16,17.2,3.1,6.7,0.459,0.2,0.5,0.389,2.9,6.2,0.464,0.473,1.4,1.8,0.754,1.5,2.8,4.3,0.7,0.4,0.6,1,2.1,7.7
258,Jeremy Lamb\lambje01,SG,25,CHO,42,14,25.7,5.1,11.2,0.453,1.2,3.3,0.358,3.9,7.9,0.492,0.505,2.8,3.3,0.854,0.6,3.9,4.6,2.3,0.8,0.4,1.2,1.8,14.1
259,Shane Larkin\larkish01,PG,25,BOS,33,0,10.9,1.2,3,0.4,0.5,1.3,0.381,0.7,1.8,0.414,0.48,0.5,0.6,0.85,0.2,1,1.2,1.1,0.3,0,0.4,1,3.4
260,Joffrey Lauvergne\lauvejo01,C,26,SAS,27,1,10.5,1.6,3.5,0.453,0,0.2,0,1.6,3.3,0.478,0.453,0.7,1,0.643,1.1,1.9,3,0.9,0.3,0,0.7,1.1,3.9
261,Zach LaVine\lavinza01,SG,22,CHI,3,3,19.7,4.7,11,0.424,1.7,4.3,0.385,3,6.7,0.45,0.5,1.3,2,0.667,0.7,2,2.7,3,1,0,1,1.7,12.3
262,Jake Layman\laymaja01,SF,23,POR,19,1,6.2,0.5,1.8,0.294,0.2,0.8,0.2,0.4,1,0.368,0.338,0.1,0.1,1,0.2,0.5,0.6,0.3,0.2,0.2,0.2,0.6,1.3
263,T.J. Leaf\leaftj01,PF,20,IND,35,0,9.9,1.4,3,0.471,0.5,0.9,0.516,0.9,2.1,0.452,0.548,0.1,0.2,0.429,0.7,1,1.7,0.2,0.1,0.1,0.3,1.1,3.3
264,Courtney Lee\leeco01,SG,32,NYK,45,45,32.9,5,11,0.457,1.7,3.9,0.429,3.4,7.1,0.472,0.532,1.7,1.8,0.963,0.5,2.8,3.3,2.8,1.3,0.2,1.3,1.5,13.4
265,Alex Len\lenal01,C,24,PHO,40,2,20.8,3.1,5.6,0.552,0,0,0,3.1,5.6,0.552,0.552,2.4,3.2,0.734,2.8,5.5,8.3,1.2,0.3,0.9,1.3,2.2,8.5
266,Kawhi Leonard\leonaka01,SF,26,SAS,9,9,23.3,5.8,12.3,0.468,1.2,3.9,0.314,4.6,8.4,0.539,0.518,3.4,4.2,0.816,0.7,4,4.7,2.3,2,1,1.8,1,16.2
267,Meyers Leonard\leoname01,C,25,POR,15,2,9.7,2.1,3.4,0.608,0.5,1,0.467,1.6,2.4,0.667,0.676,0.4,0.5,0.75,0.4,1.9,2.3,0.6,0.2,0,0.3,1.5,5
268,Jon Leuer\leuerjo01,PF,28,DET,8,0,17,1.9,4.5,0.417,0,0.4,0,1.9,4.1,0.455,0.417,1.6,1.9,0.867,0.9,3.1,4,0.6,0.1,0.4,1,2,5.4
269,Caris LeVert\leverca01,SF,23,BRK,43,9,26.9,4.5,10.5,0.428,1.3,3.6,0.351,3.2,6.9,0.468,0.488,1.9,2.7,0.696,0.8,3,3.8,4.2,1.2,0.3,2.5,2.2,12.1
270,DeAndre Liggins\liggide01,SG,29,TOT,32,1,15.3,0.8,2.1,0.353,0.3,1.1,0.306,0.4,1,0.406,0.434,0.1,0.2,0.4,0.2,1.4,1.6,0.9,0.8,0.3,0.4,1.9,1.9
271,Damian Lillard\lillada01,PG,27,POR,37,37,36.5,8.1,18.9,0.429,2.8,8,0.351,5.3,10.9,0.486,0.504,5.9,6.5,0.916,0.8,4,4.8,6.5,1.1,0.4,3.2,1.8,25
272,Jeremy Lin\linje01,PG,29,BRK,1,1,25,5,12,0.417,1,2,0.5,4,10,0.4,0.458,7,7,1,0,0,0,4,0,0,3,3,18
273,Shaun Livingston\livinsh01,PG,32,GSW,39,7,15.8,2.4,4.6,0.514,0,0.1,0,2.4,4.5,0.52,0.514,0.7,0.9,0.771,0.5,1.2,1.7,1.9,0.4,0.3,0.9,1.6,5.4
274,Kevon Looney\looneke01,C,21,GSW,36,0,10.9,1.2,1.9,0.6,0,0,0,1.2,1.9,0.6,0.6,0.7,1.1,0.6,1.1,1.7,2.7,0.5,0.3,0.7,0.5,1.4,3
275,Brook Lopez\lopezbr01,C,29,LAL,36,35,21.6,4.4,10.3,0.434,1.4,4.3,0.318,3.1,6,0.516,0.5,1.6,2.2,0.725,1.1,2.8,3.9,1.7,0.5,1.4,1.6,2.8,11.9
276,Robin Lopez\lopezro01,C,29,CHI,45,45,28.3,5.7,10.8,0.533,0,0.2,0.286,5.7,10.6,0.537,0.535,1.2,1.6,0.764,2.2,2.6,4.9,2.1,0.2,0.9,1.8,1.8,12.7
277,Kevin Love\loveke01,C,29,CLE,42,42,29,6.2,13.3,0.463,2.3,5.7,0.41,3.8,7.6,0.503,0.551,4.5,5.1,0.883,2.1,7.4,9.6,1.7,0.7,0.5,1.7,2.2,19.2
278,Kyle Lowry\lowryky01,PG,31,TOR,40,40,32.9,5.1,12.2,0.416,2.9,7.5,0.389,2.2,4.7,0.46,0.536,3.1,3.6,0.88,0.9,5.3,6.2,6.9,1.3,0.1,2.7,2.3,16.2
279,Timothe Luwawu-Cabarrot\luwawti01,SF,22,PHI,36,1,15.6,2,5.2,0.383,0.9,3,0.308,1.1,2.3,0.481,0.471,1,1.4,0.755,0.4,1.3,1.6,1,0.3,0.1,0.8,2,5.9
280,Tyler Lydon\lydonty01,PF,21,DEN,1,0,2,0,0,0,0,0,0,0,0,0,0,0,0,0,0,0,0,0,0,0,0,0,0
281,Trey Lyles\lylestr01,PF,22,DEN,40,1,20.1,3.9,7.6,0.505,1.3,3.1,0.424,2.5,4.5,0.561,0.592,1.5,2.2,0.667,0.9,4.1,5,1,0.5,0.4,0.9,1.4,10.5
282,Shelvin Mack\macksh01,PG,27,ORL,31,3,16.5,1.3,3.6,0.363,0.3,1.1,0.294,1,2.5,0.392,0.407,0.9,1.3,0.692,0.3,1.7,1.9,3.7,0.5,0.1,0.9,0.9,3.8
283,Josh Magette\magetjo01,PG,28,ATL,8,0,8,0.5,1.5,0.333,0.1,0.5,0.25,0.4,1,0.375,0.375,0.5,0.5,1,0.1,0.6,0.8,2.1,0.3,0,0.3,0.8,1.6
284,Ian Mahinmi\mahinia01,C,31,WAS,43,0,14.6,1.4,2.6,0.536,0,0,0,1.4,2.6,0.536,0.536,1.1,1.6,0.71,1.6,2.2,3.8,0.7,0.5,0.5,1.2,2.9,3.9
285,Thon Maker\makerth01,C,20,MIL,44,8,18.3,1.6,4,0.399,0.4,1.3,0.333,1.2,2.8,0.43,0.452,0.8,1.3,0.673,1.2,2.5,3.6,0.7,0.6,0.8,0.7,2.4,4.5
286,Boban Marjanovic\marjabo01,C,29,DET,17,1,8.5,2,3.9,0.515,0,0,0,2,3.9,0.515,0.515,1.9,2.4,0.78,0.7,1.8,2.5,0.6,0.1,0.4,1.2,1.4,5.9
287,Lauri Markkanen\markkla01,PF,20,CHI,42,42,30,5.5,12.9,0.428,2.5,6.6,0.373,3.1,6.3,0.485,0.523,1.9,2.3,0.853,1.1,6.5,7.6,1.3,0.6,0.5,1.2,1.6,15.4
288,Jarell Martin\martija01,PF,23,MEM,41,13,18,2.2,5,0.447,0.3,1,0.293,2,4,0.485,0.476,0.9,1.1,0.795,1.1,2.3,3.3,0.5,0.6,0.7,0.8,2.5,5.6
289,Frank Mason\masonfr01,PG,23,SAC,29,2,18.6,2.7,6.9,0.385,0.6,1.5,0.419,2,5.4,0.376,0.43,1.7,2.2,0.762,0.4,1.7,2.1,2.9,0.5,0.1,1.3,1.1,7.6
290,Mangok Mathiang\mathima01,C,25,CHO,3,0,3.3,0,0.7,0,0,0,0,0,0.7,0,0,0,0,0,0.3,1.7,2,0,0,0,0,0.7,0
291,Wesley Matthews\matthwe02,SF,31,DAL,45,44,34.5,4.3,10.6,0.406,2.3,6,0.382,2,4.6,0.437,0.515,1.3,1.6,0.831,0.3,2.8,3.1,2.9,1.1,0.2,1.4,2.2,12.2
292,Luc Mbah a Moute\mbahalu01,PF,31,HOU,25,3,25.3,2.5,5.5,0.453,1,2.8,0.362,1.5,2.7,0.544,0.544,0.8,1.2,0.655,0.5,2.8,3.3,1,1.3,0.5,1.3,1.9,6.7
293,James Michael McAdoo\mcadoja01,PF,25,PHI,3,0,6,0.7,2.3,0.286,0.7,2.3,0.286,0,0,0,0.429,0.7,0.7,1,0,0.7,0.7,0,0,0.3,0.3,0.3,2.7
294,Patrick McCaw\mccawpa01,SG,22,GSW,42,6,16.3,1.6,3.7,0.448,0.4,1.4,0.254,1.3,2.3,0.568,0.497,0.4,0.6,0.72,0.3,1.2,1.5,1.4,0.8,0.1,0.6,1.1,4.1
295,C.J. McCollum\mccolcj01,SG,26,POR,43,43,36.3,8.2,18.3,0.449,2.5,5.8,0.426,5.7,12.4,0.46,0.517,2.7,3.1,0.873,0.7,3.4,4.1,3.3,1,0.4,2,2.2,21.6
296,T.J. McConnell\mccontj01,PG,25,PHI,35,1,24.8,3.3,6.2,0.532,0.4,1,0.4,2.9,5.2,0.557,0.564,0.4,0.5,0.789,0.5,2.9,3.5,4.8,1.3,0.3,1.9,1.8,7.5
297,Chris McCullough\mcculch01,PF,22,WAS,13,0,5.5,1.2,2.8,0.432,0.1,0.5,0.143,1.2,2.3,0.5,0.446,0.4,0.6,0.625,0.5,1.2,1.6,0.1,0,0.3,0,0.6,2.9
298,Doug McDermott\mcderdo01,SF,26,NYK,45,1,23.1,3.1,6.5,0.471,1.1,2.8,0.411,1.9,3.8,0.515,0.558,0.8,1,0.787,0.6,2,2.6,1,0.2,0.2,0.7,1.5,8.1
299,JaVale McGee\mcgeeja01,C,30,GSW,33,4,8.1,1.6,2.7,0.614,0,0.1,0,1.6,2.5,0.643,0.614,0.6,0.8,0.76,0.7,1.2,1.8,0.5,0.3,0.7,0.4,1.2,3.8
300,Alfonzo McKinnie\mckinal01,SF,25,TOR,9,0,3.7,0.4,0.8,0.571,0.1,0.4,0.25,0.3,0.3,1,0.643,0.2,0.3,0.667,0,0.6,0.6,0.1,0.1,0.1,0.1,0.7,1.2
301,Ben McLemore\mclembe01,SG,24,MEM,24,5,16.7,2.4,5.9,0.411,0.8,2.5,0.317,1.6,3.4,0.481,0.479,0.6,0.8,0.789,0.4,1.6,2,0.8,0.6,0.3,0.9,2.5,6.3
302,Josh McRoberts\mcrobjo01,PF,30,DAL,1,0,3,0,1,0,0,1,0,0,0,0,0,0,0,0,0,0,0,0,0,0,0,1,0
303,Jodie Meeks\meeksjo01,SG,30,WAS,43,0,15.9,1.9,5.3,0.357,0.9,2.8,0.311,1,2.4,0.41,0.441,1.5,1.7,0.865,0.2,1.5,1.7,0.8,0.4,0,0.6,0.9,6.1
304,Salah Mejri\mejrisa01,C,31,DAL,40,1,11.7,1.4,2,0.691,0,0.1,0,1.4,2,0.709,0.691,0.6,1.1,0.548,1.2,2.8,4,0.5,0.3,1.2,0.6,2.1,3.4
305,Jordan Mickey\mickejo01,PF,23,MIA,16,2,14.4,2,4.2,0.478,0.1,0.7,0.091,1.9,3.5,0.554,0.485,0.7,1,0.688,0.9,3.6,4.4,0.6,0.2,0.4,0.9,1.9,4.8
306,Khris Middleton\middlkh01,SF,26,MIL,44,44,37.2,7.3,15.9,0.457,1.9,5.6,0.341,5.4,10.3,0.52,0.517,3.6,4.1,0.872,0.4,4.6,5,4.2,1.3,0.2,2.3,3.3,20
307,C.J. Miles\milescj01,SF,30,TOR,36,3,18.6,3.3,8.5,0.39,2.4,6.4,0.379,0.9,2,0.425,0.534,1.1,1.3,0.851,0.3,1.7,1.9,0.6,0.7,0.3,0.6,1.9,10.2
308,Darius Miller\milleda01,SF,27,NOP,44,2,21.5,2.6,5.6,0.459,1.8,4.2,0.427,0.8,1.4,0.557,0.62,0.8,0.9,0.872,0.1,1.5,1.6,1.2,0.3,0.1,0.6,2,7.7
309,Malcolm Miller\millema01,SF,24,TOR,3,0,4.3,0.7,1.7,0.4,0.7,1.3,0.5,0,0.3,0,0.6,0,0,0,0.3,0.3,0.7,0,0,0,0,0.3,2
310,Patty Mills\millspa02,PG,29,SAS,46,12,24.3,3.3,7.8,0.42,1.8,4.6,0.395,1.5,3.2,0.456,0.536,1.3,1.4,0.879,0.3,1.7,2,2.8,0.7,0.1,1.3,1.4,9.6
311,Paul Millsap\millspa01,PF,32,DEN,16,16,29.7,5.6,12.6,0.446,1.3,3.6,0.345,4.4,9,0.486,0.495,2.8,4.1,0.692,1.5,4.7,6.2,3,1.1,1.3,2.1,2.4,15.3
312,Nikola Mirotic\mirotni01,PF,26,CHI,20,3,25,6.1,12.5,0.49,2.9,6.4,0.457,3.2,6.1,0.525,0.606,2.6,3.3,0.785,0.9,5.9,6.8,1.6,0.6,0.5,1.3,1.9,17.7
313,Donovan Mitchell\mitchdo01,SG,21,UTA,42,34,31.5,7.1,15.9,0.448,2.3,6.5,0.348,4.9,9.4,0.518,0.519,2.7,3.2,0.852,0.5,2.8,3.3,3.3,1.5,0.4,2.5,3.1,19.3
314,Naz Mitrou-Long\mitrona01,SG,24,UTA,1,0,1,1,1,1,1,1,1,0,0,0,1.5,0,0,0,0,0,0,0,0,0,0,0,3
315,Malik Monk\monkma01,SG,19,CHO,34,0,13.4,2,5.8,0.343,1.1,3.4,0.339,0.9,2.4,0.349,0.442,0.4,0.5,0.706,0.1,0.9,1,1.4,0.3,0.1,0.6,0.9,5.5
316,Greg Monroe\monrogr01,C,27,TOT,20,11,21,4.3,7.4,0.574,0,0,0,4.3,7.4,0.574,0.574,1.3,1.8,0.714,2.2,5,7.2,2.2,0.5,0.3,1.6,1.9,9.8
317,Luis Montero\montelu01,SG,24,DET,2,0,4,0,0.5,0,0,0,0,0,0.5,0,0,0,0,0,0,1,1,0,0,0,1,0,0
318,E'Twaun Moore\mooreet01,SG,28,NOP,44,42,32.3,5.3,10.1,0.528,1.7,3.9,0.444,3.6,6.2,0.581,0.614,0.5,0.8,0.657,0.7,2,2.7,2.2,1,0.1,1.2,2.3,12.9
319,Eric Moreland\moreler01,PF,26,DET,38,1,12,0.6,1.3,0.48,0,0,0,0.6,1.3,0.48,0.48,0.2,0.3,0.538,1.1,2.5,3.6,1.1,0.4,0.7,0.5,1.8,1.4
320,Marcus Morris\morrima03,PF,28,BOS,23,11,23.4,4.1,10,0.413,1.3,3.7,0.349,2.8,6.3,0.451,0.478,1.9,2.3,0.796,0.7,4.7,5.3,1.4,0.5,0.3,1.1,1.9,11.4
321,Markieff Morris\morrima02,PF,28,WAS,37,37,24.9,3.9,8.3,0.468,0.9,2.4,0.382,3,5.9,0.502,0.523,1.2,1.5,0.807,1.1,4.3,5.4,1.2,0.6,0.5,1.6,3.2,9.9
322,Monte Morris\morrimo01,PG,22,DEN,1,0,3,0,1,0,0,1,0,0,0,0,0,0,0,0,0,0,0,1,0,0,0,0,0
323,Johnathan Motley\motlejo01,PF,22,DAL,1,0,2,1,1,1,0,0,0,1,1,1,1,2,4,0.5,0,1,1,0,0,1,0,0,4
324,Timofey Mozgov\mozgoti01,C,31,BRK,25,14,12.8,1.7,3.2,0.544,0.2,0.7,0.222,1.6,2.4,0.639,0.57,0.8,1,0.76,1.1,2.3,3.4,0.3,0.2,0.4,1.2,1.4,4.4
325,Emmanuel Mudiay\mudiaem01,PG,21,DEN,33,0,19.3,3.2,8,0.398,1.1,2.7,0.404,2.1,5.3,0.394,0.466,1.7,2.2,0.803,0.4,2,2.4,3,0.5,0.1,2,1.2,9.2
326,Shabazz Muhammad\muhamsh01,SF,25,MIN,26,2,10.2,1.5,3.9,0.376,0.2,0.7,0.211,1.3,3.2,0.415,0.396,0.6,0.8,0.75,0.5,1,1.5,0.3,0.2,0.1,0.1,0.8,3.7
327,Dejounte Murray\murrade01,PG,21,SAS,46,14,17.7,2.5,6,0.415,0.1,0.3,0.2,2.4,5.7,0.427,0.421,1.2,1.7,0.697,1,3.7,4.7,2.5,0.8,0.3,1.5,1.6,6.2
328,Jamal Murray\murraja01,PG,20,DEN,44,44,29.5,5.6,12.7,0.438,1.8,5,0.353,3.8,7.7,0.493,0.507,2.5,2.8,0.917,1,2.4,3.4,2.7,0.9,0.3,2,1.8,15.4
329,Mike Muscala\muscami01,C,26,ATL,15,5,17.1,2,4.2,0.476,0.6,1.5,0.391,1.4,2.7,0.525,0.548,1.1,1.2,0.889,0.9,2.8,3.7,0.6,0.6,0.3,0.6,1.8,5.7
330,Abdel Nader\naderab01,SF,24,BOS,20,0,7.7,0.8,2.2,0.341,0.4,1.1,0.318,0.4,1.1,0.364,0.42,0.1,0.2,0.333,0.3,0.8,1,0.4,0.3,0.2,0.4,0.7,1.9
331,Larry Nance\nancela02,PF,25,LAL,33,17,21.8,3.7,6.3,0.589,0,0.1,0,3.7,6.2,0.595,0.589,1.3,2.1,0.629,2.5,4.2,6.7,1.4,1.4,0.5,1,2.8,8.7
332,Shabazz Napier\napiesh01,PG,26,POR,38,7,21.2,3.6,7.5,0.484,1.1,2.5,0.432,2.6,5,0.511,0.556,1.7,2,0.831,0.4,2,2.4,2.4,1.3,0.2,1.3,1.2,10
333,Jameer Nelson\nelsoja01,PG,35,NOP,38,0,21.7,1.8,4.7,0.395,0.8,2.4,0.348,1,2.2,0.447,0.486,0.3,0.4,0.765,0.3,2.1,2.3,3.7,0.6,0.1,1.4,1.5,4.9
334,Raul Neto\netora01,PG,25,UTA,19,0,13.1,1.9,3.9,0.48,0.6,1.3,0.48,1.3,2.6,0.48,0.56,0.5,0.8,0.667,0.1,1.1,1.2,2,0.3,0.1,0.8,0.8,4.9
335,Joakim Noah\noahjo01,C,32,NYK,6,0,6,0.7,1.5,0.444,0,0,0,0.7,1.5,0.444,0.444,0.3,0.7,0.5,1,1.2,2.2,0.7,0.3,0.3,0.5,0.8,1.7
336,Nerlens Noel\noelne01,C,23,DAL,18,6,12.5,1.6,2.9,0.528,0,0,0,1.6,2.9,0.528,0.528,0.9,1.1,0.842,1.4,2.6,4.1,0.3,0.6,0.6,0.8,1.7,4
337,Lucas Nogueira\noguelu01,C,25,TOR,26,2,10.5,1.3,2.1,0.618,0.1,0.4,0.273,1.2,1.7,0.705,0.645,0.5,0.5,0.857,0.5,1.7,2.2,0.4,0.6,1.2,0.4,1.4,3.2
338,Dirk Nowitzki\nowitdi01,C,39,DAL,45,45,25.1,4.6,9.9,0.465,1.6,3.9,0.412,3,6,0.5,0.547,1.3,1.5,0.894,0.4,5.1,5.5,1.7,0.6,0.4,0.7,1.7,12.2
339,Frank Ntilikina\ntilila01,PG,19,NYK,42,0,21.2,2.1,6,0.348,0.6,1.9,0.309,1.5,4.1,0.366,0.397,0.6,0.9,0.711,0.4,2,2.4,3.6,1.1,0.2,1.9,2.5,5.4
340,Jusuf Nurkic\nurkiju01,C,23,POR,41,41,27,5.8,12.6,0.464,0,0.2,0,5.8,12.4,0.47,0.464,2.7,4.2,0.651,2.1,5.8,7.8,1.9,0.8,1.3,2.6,3,14.4
341,David Nwaba\nwabada01,SG,25,CHI,33,3,23.1,2.7,5.2,0.523,0.1,0.5,0.25,2.6,4.7,0.551,0.535,1.9,2.9,0.639,1.1,3.5,4.6,1.2,0.8,0.5,0.8,2,7.5
342,Johnny O'Bryant\obryajo01,PF,24,CHO,28,0,10.7,2,5,0.407,0.3,1.1,0.29,1.7,3.9,0.44,0.439,0.7,0.9,0.833,0.9,1.9,2.8,0.4,0.3,0.1,0.5,1,5.1
343,Royce O'Neale\onealro01,SF,24,UTA,31,0,11.1,1.1,3,0.38,0.5,1.6,0.347,0.6,1.4,0.419,0.473,0.9,1.2,0.757,0.2,2.3,2.5,1,0.4,0,0.5,0.9,3.7
344,Kyle O'Quinn\oquinky01,C,27,NYK,45,3,17.1,2.8,4.8,0.593,0,0.1,0,2.8,4.6,0.611,0.593,1.3,1.7,0.744,1.5,4.5,6,2,0.4,1,1.3,2.8,6.9
345,Semi Ojeleye\ojelese01,PF,23,BOS,40,0,13.4,0.7,2.3,0.312,0.5,1.8,0.288,0.2,0.5,0.4,0.425,0.3,0.5,0.619,0.5,1.4,1.9,0.2,0.3,0,0.3,1,2.3
346,Jahlil Okafor\okafoja01,C,22,TOT,11,0,12.5,2.3,5,0.455,0,0.2,0,2.3,4.8,0.472,0.455,0.8,1.1,0.75,0.5,2.1,2.6,0.5,0.1,0.5,0.8,2.1,5.4
347,Victor Oladipo\oladivi01,SG,25,IND,39,39,34,8.7,17.9,0.489,2.6,6.3,0.416,6.1,11.6,0.529,0.562,4.2,5.4,0.789,0.5,4.7,5.2,4,2,0.9,2.8,2.4,24.3
348,Kelly Olynyk\olynyke01,PF,26,MIA,44,19,23.7,3.8,7.6,0.506,1.3,3,0.414,2.6,4.6,0.567,0.588,1.7,2.2,0.776,1.2,4.5,5.7,2.2,0.8,0.4,2.2,3.2,10.7
349,Cedi Osman\osmande01,SF,22,CLE,35,0,8.4,0.9,2,0.478,0.3,0.8,0.357,0.7,1.2,0.561,0.551,0.3,0.4,0.714,0.2,1.5,1.7,0.3,0.3,0,0.3,1,2.5
350,Kelly Oubre\oubreke01,SF,22,WAS,45,9,27.2,4,9.1,0.443,1.6,4,0.398,2.4,5.1,0.478,0.531,2.3,2.7,0.829,0.8,4.1,4.9,1.1,0.8,0.4,1.2,2.9,11.9
351,Zaza Pachulia\pachuza01,C,33,GSW,36,36,14.5,2.3,3.8,0.587,0,0,0,2.3,3.8,0.587,0.587,1.1,1.3,0.844,1,3.7,4.7,1.7,0.6,0.2,1.1,1.8,5.6
352,Marcus Paige\paigema01,PG,24,CHO,1,0,3,0,2,0,0,0,0,0,2,0,0,0,0,0,0,2,2,0,0,0,0,0,0
353,Georgios Papagiannis\papagge01,C,20,SAC,11,0,6.7,1.2,2.5,0.481,0,0,0,1.2,2.5,0.481,0.481,0,0,0,0.7,1.4,2.1,0.2,0.2,0.3,0.3,0.5,2.4
354,Tony Parker\parketo01,PG,35,SAS,20,20,21.9,3.6,7.5,0.483,0.2,0.7,0.231,3.5,6.8,0.507,0.493,0.9,1.4,0.667,0.2,2,2.2,4,0.6,0.1,1.5,0.8,8.3
355,Chandler Parsons\parsoch01,SF,29,MEM,26,7,21,3.3,6.9,0.486,1.5,3.7,0.411,1.8,3.2,0.571,0.595,0.6,1,0.6,0.5,2.4,2.8,2,0.5,0.3,1.1,1.8,8.8
356,Patrick Patterson\pattepa01,PF,28,OKC,45,0,14.4,1.1,2.9,0.364,0.8,2,0.382,0.3,1,0.326,0.492,0.4,0.5,0.909,0.3,1.8,2,0.6,0.5,0.2,0.4,1,3.3
357,Brandon Paul\paulbr01,SG,26,SAS,42,2,10.8,1,2.4,0.434,0.3,1,0.318,0.7,1.3,0.527,0.505,0.4,0.7,0.6,0.1,1.2,1.3,0.8,0.6,0.1,0.5,1.1,2.8
358,Chris Paul\paulch01,PG,32,HOU,25,25,31.9,6.4,14,0.456,2.6,6.9,0.376,3.8,7.1,0.534,0.548,3.2,3.5,0.92,0.7,5,5.7,9.1,1.8,0.4,2.5,2.6,18.6
359,Adreian Payne\paynead01,PF,26,ORL,5,0,8.6,1.4,2,0.7,0.4,0.6,0.667,1,1.4,0.714,0.8,1,1.2,0.833,0.4,1.4,1.8,0,0.4,0,0.4,1.2,4.2
360,Elfrid Payton\paytoel01,PG,23,ORL,35,35,29,5.3,10.2,0.517,0.6,1.6,0.386,4.6,8.5,0.542,0.548,1.6,2.5,0.629,1.1,2.9,3.9,6.5,1.3,0.3,2.7,2.2,12.7
361,Gary Payton\paytoga02,PG,25,TOT,14,6,8.9,1.1,2.9,0.4,0.1,0.9,0.154,1,1.9,0.519,0.425,0.1,0.2,0.667,0.4,1,1.4,0.9,0.2,0.2,0.2,1.5,2.6
362,London Perrantes\perralo01,PG,23,CLE,1,0,3,0,1,0,0,0,0,0,1,0,0,0,0,0,0,0,0,0,0,0,0,1,0
363,Alec Peters\peteral01,PF,22,PHO,4,0,11.5,1,2.8,0.364,0.8,2.5,0.3,0.3,0.3,1,0.5,0,0,0,0,1,1,1,0,0.5,0.3,0.3,2.8
364,Mason Plumlee\plumlma01,C,27,DEN,45,22,20.5,3,5.3,0.569,0,0,0,3,5.3,0.571,0.569,1.1,2.7,0.413,1.9,4.1,6,2,0.7,1.1,1.6,2.3,7.2
365,Miles Plumlee\plumlmi01,C,29,ATL,25,22,18.3,2.1,3.4,0.612,0,0,0,2.1,3.4,0.612,0.612,0.6,1.2,0.452,1.5,2.6,4.2,0.9,0.4,0.4,1.2,1.4,4.7
366,Jakob Poeltl\poeltja01,C,22,TOR,43,0,17.5,3,4.7,0.655,0,0,0.5,3,4.6,0.657,0.658,0.8,1.5,0.516,2.1,2.6,4.7,0.5,0.4,1.1,0.8,2.7,6.9
367,Quincy Pondexter\pondequ01,SF,29,CHI,19,1,9.6,0.7,2.6,0.286,0.2,1.2,0.136,0.6,1.4,0.407,0.316,0.7,0.9,0.824,0.4,0.8,1.3,0.4,0.4,0.1,0.6,1.3,2.4
368,Otto Porter\porteot01,SF,24,WAS,41,41,31.6,5.4,11.1,0.486,1.7,3.9,0.425,3.8,7.2,0.519,0.56,1.2,1.5,0.817,1.1,5.1,6.3,1.8,1.5,0.6,0.8,1.9,13.7
369,Bobby Portis\portibo01,PF,22,CHI,36,0,20.5,4.7,9.7,0.489,0.9,2.6,0.348,3.8,7.1,0.539,0.534,1.7,2.1,0.805,1.9,4.1,6,1.6,0.5,0.3,1.1,1.3,12.1
370,Kristaps Porzingis\porzikr01,PF,22,NYK,39,39,33.2,8.4,19.4,0.434,1.8,4.9,0.379,6.6,14.6,0.452,0.482,4.9,6,0.815,1.3,5.6,6.9,1.2,0.7,2.4,2.2,2.9,23.6
371,Dwight Powell\poweldw01,C,26,DAL,44,0,18.6,2.8,4.8,0.59,0.3,1,0.267,2.6,3.8,0.677,0.618,1.3,1.8,0.714,1.4,3.3,4.7,0.9,0.8,0.4,0.6,2.2,7.2
372,Norman Powell\powelno01,SG,24,TOR,38,12,17.3,2.6,6.5,0.394,0.8,2.9,0.288,1.7,3.6,0.481,0.459,0.8,0.9,0.806,0.2,1.7,1.9,1.6,0.8,0.3,1.2,1.9,6.7
373,Alex Poythress\poythal01,PF,24,IND,17,0,4.5,0.4,0.9,0.375,0.2,0.4,0.429,0.2,0.5,0.333,0.469,0,0,0,0.3,0.4,0.6,0.1,0.2,0.1,0.1,0.7,0.9
374,Jacob Pullen\pulleja01,PG,28,PHI,3,0,2,0.3,0.7,0.5,0,0.3,0,0.3,0.3,1,0.5,0,0,0,0,0,0,0,0,0,0.3,0,0.7
375,Zhou Qi\qizh01,C,22,HOU,14,0,5.4,0.3,1.7,0.167,0.1,1.1,0.133,0.1,0.6,0.222,0.208,0.5,0.7,0.7,0.1,0.8,0.9,0.1,0.1,0.4,0.4,0.9,1.2
376,Ivan Rabb\rabbiv01,PF,20,MEM,5,0,4.4,1.4,1.8,0.778,0,0,0,1.4,1.8,0.778,0.778,0,0.2,0,0.4,0.8,1.2,0.2,0,0.2,0.4,0.8,2.8
377,Julius Randle\randlju01,C,23,LAL,44,11,23,5.1,9.3,0.547,0.2,0.8,0.235,4.9,8.6,0.576,0.557,2.9,4.2,0.686,1.9,5.2,7,2,0.5,0.7,2.4,3.3,13.3
378,Zach Randolph\randoza01,PF,36,SAC,39,37,25.2,6.2,12.6,0.487,0.7,2.2,0.321,5.5,10.5,0.521,0.514,1.7,2.2,0.788,1.8,5,6.8,2,0.8,0.2,1.9,2,14.7
379,J.J. Redick\redicjj01,SG,33,PHI,36,36,32.6,5.8,13,0.448,2.7,6.7,0.405,3.1,6.3,0.493,0.552,2.9,3.1,0.946,0.2,2.6,2.8,3.3,0.5,0.1,1.5,2.1,17.3
380,Davon Reed\reedda01,SG,22,PHO,1,0,5,0,2,0,0,1,0,0,1,0,0,0,0,0,0,1,1,0,0,0,0,1,0
381,Willie Reed\reedwi02,C,27,LAC,36,3,10.8,2.1,3.1,0.661,0,0.1,0.5,2,3.1,0.664,0.665,0.8,1.5,0.566,0.9,2.2,3.1,0.2,0.3,0.6,0.4,1.4,5
382,Josh Richardson\richajo01,SF,24,MIA,44,44,33.9,4.8,10.6,0.456,1.7,4.6,0.363,3.2,6,0.527,0.534,1.4,1.7,0.829,0.7,2.7,3.4,2.6,1.3,0.9,1.9,2.8,12.7
383,Malachi Richardson\richama01,SG,22,SAC,23,4,12.7,1.1,3.5,0.325,0.5,1.6,0.324,0.6,1.9,0.326,0.4,0.7,1,0.773,0.2,1.1,1.3,0.6,0.4,0,0.4,1.1,3.5
384,Austin Rivers\riverau01,SG,25,LAC,32,30,32.7,5.7,13.7,0.418,2.5,6.3,0.405,3.2,7.4,0.429,0.51,1.8,2.8,0.648,0.5,1.6,2.1,3.6,1.3,0.3,1.9,2.5,15.8
385,Andre Roberson\roberan03,SG,26,OKC,35,35,26.7,2.3,4.3,0.53,0.2,1,0.222,2,3.2,0.628,0.557,0.3,0.8,0.333,1.9,2.8,4.7,1.2,1.1,0.9,0.8,2.2,5
386,Rajon Rondo\rondora01,PG,31,NOP,30,29,25,3.1,6.7,0.47,0.7,2.1,0.344,2.4,4.5,0.529,0.525,0.2,0.3,0.75,0.4,3.1,3.5,7.7,0.9,0.2,2.1,1.8,7.2
387,Derrick Rose\rosede01,PG,29,CLE,7,7,26.9,5.6,11.9,0.47,0.4,1.9,0.231,5.1,10,0.514,0.488,2.7,3,0.905,1,1.6,2.6,1.7,0.3,0.1,2.7,1.6,14.3
388,Terrence Ross\rosste01,SG,26,ORL,22,20,26.2,3.3,8,0.407,1.3,3.9,0.329,2,4.2,0.478,0.486,1.2,1.6,0.743,0.5,2.7,3.2,1.6,1.2,0.5,1.1,2,9
389,Terry Rozier\roziete01,PG,23,BOS,45,0,23.1,3.4,8.5,0.396,1.6,4.3,0.364,1.8,4.2,0.429,0.488,0.9,1.2,0.788,0.6,3.8,4.4,2,1,0.1,0.8,1.4,9.2
390,Ricky Rubio\rubiori01,PG,27,UTA,43,43,29,3.9,10,0.387,1,3.6,0.294,2.8,6.5,0.439,0.44,2.4,2.7,0.879,0.4,3.6,4,4.7,1.6,0.1,2.9,2.5,11.2
391,D'Angelo Russell\russeda01,PG,21,BRK,12,12,27.8,7.9,17.1,0.463,1.5,5.1,0.295,6.4,12,0.535,0.507,3.6,5.3,0.683,0.8,3.9,4.7,5.7,1,0.2,4,2.5,20.9
392,Domantas Sabonis\sabondo01,C,21,IND,42,12,24.8,4.9,9.2,0.534,0.2,0.4,0.389,4.7,8.8,0.541,0.543,2.4,3.2,0.743,2.6,5.7,8.3,2.1,0.4,0.5,2.1,2.9,12.4
393,JaKarr Sampson\sampsja02,SF,24,SAC,6,2,17,2.2,3.7,0.591,0.3,0.5,0.667,1.8,3.2,0.579,0.636,0.3,0.3,1,1.3,3.7,5,0.3,0.3,0.7,0.3,2.8,5
394,Dario Saric\saricda01,PF,23,PHI,39,34,30.5,4.9,11.3,0.434,1.8,4.9,0.363,3.1,6.4,0.49,0.514,1.9,2.2,0.871,2.2,4.7,6.9,2.6,0.7,0.3,1.9,2.2,13.5
395,Tomas Satoransky\satorto01,SG,26,WAS,36,0,16.4,1.9,3.8,0.511,0.4,1,0.405,1.5,2.8,0.55,0.566,0.8,1.2,0.636,0.8,1.6,2.3,2.6,0.5,0.1,0.6,1.3,5.1
396,Dennis Schroder\schrode01,PG,24,ATL,41,41,32,7.8,17.7,0.442,1.1,3.8,0.299,6.7,13.9,0.482,0.475,3.3,3.7,0.876,0.7,2.3,3,6.8,1.2,0.1,2.6,2.1,20.1
397,Mike Scott\scottmi01,PF,29,WAS,41,1,18.8,3.9,6.7,0.582,1,2.2,0.44,2.9,4.4,0.654,0.656,0.6,0.9,0.694,0.6,2.7,3.3,0.8,0.4,0.2,1.1,2.1,9.3
398,Thabo Sefolosha\sefolth01,SF,33,UTA,38,6,21.2,3.1,6.3,0.492,0.8,2.2,0.381,2.3,4.1,0.551,0.558,1.2,1.4,0.815,0.8,3.5,4.2,0.9,1.4,0.3,0.8,1.6,8.2
399,Wayne Selden\seldewa01,SG,23,MEM,9,1,11.7,1.8,4.6,0.39,0.8,2.1,0.368,1,2.4,0.409,0.476,1.4,2.1,0.684,0.2,0.8,1,1.1,0.4,0,0.9,0.8,5.8
400,Ramon Sessions\sessira01,PG,31,NYK,13,3,12.8,1.3,4.1,0.321,0.2,0.8,0.182,1.2,3.2,0.357,0.34,0.9,1.2,0.8,0.1,1.3,1.4,2.1,0.5,0.1,1.2,1.1,3.7
401,Iman Shumpert\shumpim01,SG,27,CLE,13,6,20.8,1.7,4.4,0.386,0.5,1.9,0.28,1.2,2.5,0.469,0.447,0.8,1.2,0.733,0.5,2.5,3.1,1.3,0.7,0.4,1.3,1.5,4.8
402,Pascal Siakam\siakapa01,PF,23,TOR,42,4,20,2.8,5.9,0.476,0.3,1.9,0.148,2.5,4,0.635,0.5,0.5,0.9,0.564,1.2,3.4,4.6,1.8,0.9,0.6,0.8,2,6.4
403,Ben Simmons\simmobe01,PG,21,PHI,39,39,35.2,7.1,13.7,0.513,0,0.3,0,7.1,13.5,0.523,0.513,2.7,4.8,0.556,1.8,6.3,8,7.3,1.9,1,4,2.9,16.8
404,Jonathon Simmons\simmojo02,SG,28,ORL,43,24,28.7,5.2,11.4,0.455,0.9,2.9,0.315,4.3,8.6,0.503,0.495,2.5,3.3,0.754,0.9,2.7,3.6,2.3,0.8,0.2,2.1,2.6,13.8
405,Kobi Simmons\simmoko01,PG,20,MEM,11,0,14.7,1.5,3.5,0.41,0.3,1,0.273,1.2,2.5,0.464,0.449,0.5,0.5,1,0.3,1.4,1.6,1,0.5,0.3,0.7,1.5,3.6
406,Kyle Singler\singlky01,SF,29,OKC,8,0,5.5,0.8,2,0.375,0.3,0.6,0.4,0.5,1.4,0.364,0.438,0.5,1.1,0.444,0,0.8,0.8,0,0.1,0,0.3,0.5,2.3
407,Marcus Smart\smartma01,SG,23,BOS,43,9,30.4,3.4,9.8,0.347,1.3,4.6,0.296,2,5.2,0.391,0.416,1.8,2.5,0.726,0.8,2.8,3.7,4.7,1.3,0.5,2.4,2.6,9.9
408,Dennis Smith\smithde03,PG,20,DAL,37,37,28.3,5.6,14,0.403,1.5,4.6,0.327,4.1,9.4,0.44,0.457,1.7,2.5,0.703,0.8,3.1,3.9,4.5,0.9,0.3,2.7,2.1,14.5
409,Ish Smith\smithis01,PG,29,DET,43,10,22.3,4.3,9.5,0.459,0.1,0.6,0.185,4.2,8.8,0.479,0.466,1,1.3,0.724,0.4,2.3,2.7,4.1,0.6,0.3,1.1,1.5,9.8
410,J.R. Smith\smithjr01,SG,32,CLE,42,39,29.8,2.7,7.2,0.379,1.7,4.9,0.348,1,2.3,0.443,0.497,0.5,0.7,0.69,0.4,2.5,3,2,1,0.1,1,2.2,7.6
411,Jason Smith\smithja02,C,31,WAS,18,2,9.7,1.3,3.9,0.324,0.1,1.1,0.053,1.2,2.9,0.423,0.331,0.6,0.6,1,0.8,1.1,1.8,0.3,0.1,0.5,0.6,1.9,3.2
412,Josh Smith\smithjo03,PF,32,NOP,3,0,4,0.3,1.3,0.25,0,0,0,0.3,1.3,0.25,0.25,0,0,0,1,0.3,1.3,0,0,0,0,1,0.7
413,Tony Snell\snellto01,SG,26,MIL,39,29,28.9,2.8,5.9,0.474,1.6,3.7,0.428,1.2,2.2,0.552,0.608,0.7,1,0.763,0.1,2,2.1,1.3,0.6,0.3,0.5,1.6,8
414,Marreese Speights\speigma01,C,30,ORL,34,1,13.3,2.5,6.8,0.371,1.6,4.6,0.355,0.9,2.3,0.403,0.489,0.7,1.1,0.694,0.4,2.2,2.6,0.7,0.1,0.4,0.7,2.1,7.4
415,Nik Stauskas\stausni01,SG,24,TOT,22,0,12.2,1.4,3.5,0.403,1.1,2.4,0.462,0.3,1.1,0.28,0.558,0.5,0.7,0.733,0.1,1.4,1.5,0.8,0.2,0,0.8,0.5,4.4
416,Lance Stephenson\stephla01,SG,27,IND,44,5,23.6,3.6,8.1,0.441,0.8,2.5,0.315,2.8,5.6,0.496,0.489,1,1.5,0.677,0.8,4.7,5.6,3,0.5,0.2,1.6,2.3,8.9
417,Julyan Stone\stoneju01,SG,29,CHO,7,0,4.7,0.3,0.6,0.5,0.3,0.6,0.5,0,0,0,0.75,0,0,0,0,1.4,1.4,1.1,0.3,0.1,0.6,1,0.9
418,Caleb Swanigan\swanica01,PF,20,POR,15,3,8.9,1,2.8,0.357,0.1,0.3,0.2,0.9,2.5,0.378,0.369,0.5,0.9,0.615,0.8,1.6,2.4,0.6,0.3,0.2,0.7,1.6,2.6
419,Jayson Tatum\tatumja01,SF,19,BOS,45,45,30.9,4.7,9.4,0.499,1.4,3,0.46,3.3,6.4,0.517,0.573,3,3.7,0.824,0.8,4.7,5.4,1.4,0.9,0.8,1.3,2.1,13.8
420,Isaiah Taylor\taylois01,PG,23,ATL,34,0,14.8,1.7,4.3,0.395,0.3,1,0.273,1.4,3.4,0.43,0.425,1,1.5,0.66,0.3,1.1,1.4,2.2,0.5,0.2,0.9,1.3,4.6
421,Jeff Teague\teaguje01,PG,29,MIN,35,35,33.8,4.9,11.2,0.442,1.3,3.6,0.368,3.6,7.6,0.477,0.501,2.2,2.7,0.802,0.4,2.6,3.1,7.1,1.6,0.3,2.9,2.6,13.4
422,Mirza Teletovic\teletmi01,PF,32,MIL,10,0,15.9,2.5,5.7,0.439,2.1,4.5,0.467,0.4,1.2,0.333,0.623,0,0,0,0.3,2,2.3,1,0.4,0.1,0.7,1.4,7.1
423,Garrett Temple\templga01,SG,31,SAC,42,33,24.8,2.8,7.3,0.386,1.3,3.5,0.356,1.5,3.7,0.414,0.472,0.8,1.1,0.711,0.3,2.1,2.5,1.8,1,0.5,1.2,2.1,7.6
424,Milos Teodosic\teodomi01,PG,30,LAC,17,17,25.1,3.2,8.3,0.39,2,5.6,0.358,1.2,2.7,0.457,0.511,0.8,0.9,0.813,0.5,2.6,3.2,5.5,0.5,0.2,2.2,2.4,9.2
425,Jason Terry\terryja01,SG,40,MIL,15,0,9.7,0.5,1.7,0.32,0.1,1,0.133,0.4,0.7,0.6,0.36,0.1,0.1,1,0,0.8,0.8,0.5,0.6,0.3,0.3,0.9,1.3
426,Daniel Theis\theisda01,C,25,BOS,43,2,13.6,1.8,3.5,0.523,0.2,0.8,0.257,1.6,2.7,0.605,0.554,1,1.3,0.778,1.3,2.9,4.2,0.6,0.5,0.7,1,2.4,4.8
427,Isaiah Thomas\thomais02,PG,28,CLE,5,4,23.2,5.2,14.4,0.361,1.4,6,0.233,3.8,8.4,0.452,0.41,1.8,2.6,0.692,0.6,0.6,1.2,3.4,0,0.2,2.4,2,13.6
428,Lance Thomas\thomala01,PF,29,NYK,42,21,19.1,1.4,3.7,0.383,0.5,1.4,0.367,0.9,2.2,0.394,0.455,0.8,0.9,0.821,0.7,1.9,2.6,0.5,0.4,0.2,0.6,1.8,4.1
429,Klay Thompson\thompkl01,SG,27,GSW,45,45,34.2,8.1,16.6,0.489,3.4,7.4,0.454,4.7,9.2,0.517,0.59,1.3,1.5,0.881,0.5,3.6,4,2.5,0.7,0.6,1.7,1.6,20.9
430,Tristan Thompson\thomptr01,C,26,CLE,23,5,18.9,2,3.6,0.566,0,0,0,2,3.6,0.566,0.566,0.9,1.7,0.553,2.1,3.7,5.9,0.5,0.3,0.3,0.6,1.9,5
431,Sindarius Thornwell\thornsi01,SG,23,LAC,42,8,13,1.2,2.7,0.426,0.3,0.9,0.351,0.9,1.9,0.462,0.483,0.6,0.9,0.658,0.3,1.2,1.5,0.7,0.6,0.3,0.7,1.7,3.2
432,Anthony Tolliver\tollian01,PF,32,DET,40,4,20.1,2.2,5.2,0.427,1.7,4.2,0.399,0.5,1,0.553,0.59,1,1.3,0.745,0.6,2,2.6,1.1,0.4,0.3,0.8,1.7,7
433,Karl-Anthony Towns\townska01,C,22,MIN,46,46,35.8,7.5,13.9,0.538,1.5,3.6,0.419,6,10.3,0.58,0.593,3.6,4.3,0.838,2.7,9.3,12,2.3,0.8,1.5,2.1,3.4,20.1
434,P.J. Tucker\tuckepj01,SF,32,HOU,42,4,27,1.8,4.8,0.38,1.1,3.2,0.336,0.7,1.6,0.47,0.493,0.7,0.9,0.795,1.2,4.8,6,0.9,1,0.3,0.9,2.7,5.4
435,Evan Turner\turneev01,SF,29,POR,43,20,26.7,3.5,7.7,0.459,0.4,1.5,0.292,3.1,6.1,0.5,0.488,1.3,1.5,0.844,0.4,3.1,3.6,2.3,0.7,0.3,1.5,2.2,8.7
436,Myles Turner\turnemy01,C,21,IND,33,32,29.2,5.2,10.7,0.49,0.8,2.5,0.333,4.4,8.2,0.539,0.53,2.6,3.5,0.746,1.2,5.3,6.5,1.6,0.5,2.2,1.7,2.7,13.9
437,Ekpe Udoh\udohek01,C,30,UTA,41,3,16.4,1.2,2.4,0.515,0,0,0,1.2,2.4,0.515,0.515,0.8,1.1,0.733,1.3,1.4,2.8,1.1,0.9,1.3,0.3,2,3.2
438,Tyler Ulis\ulisty01,PG,22,PHO,44,32,24,2.9,7.5,0.381,0.5,1.9,0.268,2.4,5.7,0.418,0.414,1.3,1.5,0.821,0.3,1.5,1.8,4.2,1,0.1,1.8,1.8,7.5
439,Jonas Valanciunas\valanjo01,C,25,TOR,39,39,21,4.3,7.8,0.549,0.2,0.5,0.35,4.1,7.3,0.563,0.56,2.5,2.9,0.858,2.2,5.9,8.1,0.7,0.3,0.7,1.5,2.6,11.3
440,Denzel Valentine\valende01,SG,24,CHI,45,31,28.4,3.7,8.8,0.42,1.8,4.6,0.391,1.9,4.2,0.45,0.521,0.5,0.6,0.786,0.7,4.7,5.4,3,0.7,0.1,1.1,2.2,9.7
441,Fred VanVleet\vanvlfr01,PG,23,TOR,42,0,18.1,2.5,6.3,0.403,1,2.7,0.374,1.5,3.5,0.426,0.485,0.9,1,0.837,0.2,1.9,2.1,2.8,0.8,0.2,1,1.7,6.9
442,Rashad Vaughn\vaughra01,SG,21,MIL,16,0,10.1,1.3,3,0.417,0.8,2.1,0.364,0.5,0.9,0.533,0.542,0.3,0.4,0.667,0.1,0.9,0.9,0.8,0.3,0.2,0.1,0.8,3.5
443,Noah Vonleh\vonleno01,PF,22,POR,28,12,16,1.6,3.1,0.5,0,0,0,1.6,3.1,0.506,0.5,0.8,1,0.778,1.3,4.5,5.8,0.4,0.2,0.4,0.5,1.5,3.9
444,Nikola Vucevic\vucevni01,C,27,ORL,34,34,29.9,7.3,14.9,0.491,1.4,4.1,0.343,5.9,10.7,0.548,0.539,1.4,1.6,0.821,1.8,7.5,9.3,3.3,1,1.1,1.9,2.4,17.4
445,Dwyane Wade\wadedw01,SG,36,CLE,39,3,23.5,4.3,9.7,0.442,0.5,1.5,0.322,3.8,8.2,0.464,0.467,2,2.8,0.709,0.8,3.1,3.9,3.8,1,0.7,1.9,1.8,11.1
446,Dion Waiters\waitedi01,SG,26,MIA,30,30,30.6,5.4,13.7,0.398,1.7,5.7,0.306,3.7,8,0.463,0.461,1.7,2.3,0.739,0.3,2.3,2.6,3.8,0.8,0.3,2.3,2,14.3
447,Kemba Walker\walkeke02,PG,27,CHO,41,41,34.5,7.3,17.2,0.424,2.5,7,0.349,4.8,10.1,0.476,0.496,4.6,5.4,0.851,0.4,2.9,3.3,5.8,1.2,0.3,2,1.4,21.7
448,John Wall\walljo01,PG,27,WAS,34,34,34.1,6.9,16.4,0.422,1.4,3.8,0.357,5.6,12.6,0.442,0.463,4.5,6.2,0.717,0.6,3.1,3.6,9.3,1.4,1.1,3.5,1.9,19.6
449,Tyrone Wallace\wallaty01,PG,23,LAC,7,4,31.1,4.4,8.9,0.5,0.7,1.7,0.417,3.7,7.1,0.52,0.54,2.9,3.7,0.769,0.4,3.3,3.7,1.9,1.4,0.9,1.3,2.9,12.4
450,Taurean Waller-Prince\princta02,SF,23,ATL,44,44,31.1,4.7,10.8,0.43,1.8,4.5,0.397,2.9,6.3,0.453,0.513,1.3,1.7,0.784,0.8,4.7,5.4,2.5,0.9,0.7,2.2,2,12.4
451,Derrick Walton\waltode01,PG,22,MIA,12,0,8.8,0.5,1.5,0.333,0.4,0.9,0.455,0.1,0.6,0.143,0.472,0.3,0.3,1,0,0.7,0.7,1.1,0.3,0.3,0.2,0.4,1.8
452,T.J. Warren\warretj01,SF,24,PHO,42,42,32.2,8.1,16.4,0.492,0.3,1.5,0.19,7.8,14.9,0.522,0.501,3.2,4.2,0.768,2,3.6,5.5,1.4,0.9,0.6,1.5,2.2,19.7
453,Briante Weber\weberbr01,PG,25,HOU,13,0,9.1,0.7,1.7,0.409,0.3,0.7,0.444,0.4,1,0.385,0.5,0.3,0.3,1,0.2,1.2,1.4,1,0.8,0.2,0.5,1.4,2
454,David West\westda01,C,37,GSW,44,0,13.3,3,5,0.606,0.1,0.2,0.429,3,4.9,0.612,0.613,0.8,1.1,0.7,0.9,2.5,3.4,1.8,0.6,1.1,1,1.6,7
455,Russell Westbrook\westbru01,PG,29,OKC,45,45,35.9,9.2,21.2,0.436,1.4,4.4,0.31,7.9,16.8,0.469,0.469,5,7,0.706,1.8,7.9,9.7,9.9,2,0.2,4.6,2.3,24.8
456,Derrick White\whitede01,PG,23,SAS,12,0,6.4,0.4,0.9,0.455,0.1,0.3,0.333,0.3,0.7,0.5,0.5,0.5,0.8,0.6,0.3,0.9,1.3,0.4,0.3,0.2,0.4,0.5,1.4
457,Okaro White\whiteok01,PF,25,MIA,6,4,13.3,1.2,2.7,0.438,0.7,1.8,0.364,0.5,0.8,0.6,0.563,0.3,0.5,0.667,0.5,1.3,1.8,0.3,0.2,0.2,0.2,1,3.3
458,Isaiah Whitehead\whiteis01,PG,22,BRK,10,0,14.2,3,6.3,0.476,0.5,1.2,0.417,2.5,5.1,0.49,0.516,1.1,1.7,0.647,0.3,1.7,2,1.8,0.7,0.2,2.2,1.6,7.6
459,Hassan Whiteside\whiteha01,C,28,MIA,26,26,25.8,5.9,10.4,0.565,0.1,0.1,1,5.8,10.3,0.561,0.568,2.5,3.4,0.73,2.8,8.8,11.6,0.6,0.8,1.9,1.5,2.1,14.3
460,Andrew Wiggins\wiggian01,SF,22,MIN,46,46,36.1,6.7,15.6,0.432,1.3,4.2,0.318,5.4,11.3,0.475,0.476,2.7,4.3,0.623,1,3.1,4.1,1.8,1.2,0.6,1.5,1.9,17.5
461,Jacob Wiley\wileyja01,PF,23,BRK,5,0,6.6,0.2,0.8,0.25,0.2,0.4,0.5,0,0.4,0,0.375,0.2,0.4,0.5,0.4,1.8,2.2,0.4,0.2,0,0,0.8,0.8
462,Damien Wilkins\wilkida02,SF,38,IND,19,1,8,0.7,2.1,0.333,0.2,0.9,0.222,0.5,1.1,0.429,0.385,0.2,0.2,0.75,0.3,0.6,0.8,0.5,0.1,0.1,0.3,0.4,1.7
463,C.J. Williams\willicj01,SG,27,LAC,28,13,19.4,2.4,5.2,0.462,0.8,2.1,0.35,1.6,3,0.541,0.534,0.4,0.5,0.786,0.4,1.2,1.5,0.9,0.9,0.5,0.6,1.8,5.9
464,Lou Williams\willilo02,SG,31,LAC,43,13,31.9,7.4,16.4,0.45,3,7.2,0.412,4.4,9.2,0.48,0.54,5.4,6,0.903,0.5,2,2.6,5,0.9,0.2,2.9,1.4,23.2
465,Marvin Williams\willima02,PF,31,CHO,43,43,25.8,3.4,6.9,0.487,1.7,3.7,0.456,1.7,3.3,0.521,0.607,1.3,1.5,0.875,1,3.7,4.7,1.1,0.7,0.3,0.7,1.4,9.7
466,Matt Williams\willima05,SG,24,MIA,3,0,3.7,0.7,2,0.333,0.3,1.7,0.2,0.3,0.3,1,0.417,0,0,0,0,0.3,0.3,0,0,0,0.3,0.3,1.7
467,Troy Williams\willitr02,SF,23,HOU,4,0,4.3,0.5,2.3,0.222,0,1.3,0,0.5,1,0.5,0.222,0.3,0.8,0.333,0.3,0.8,1,0.3,0.3,0,0.3,0.5,1.3
468,D.J. Wilson\wilsodj01,PF,21,MIL,14,0,3.7,0.3,0.6,0.444,0,0.2,0,0.3,0.4,0.667,0.444,0,0,0,0,0.4,0.4,0.1,0.1,0,0.3,0.4,0.6
469,Jamil Wilson\wilsoja02,SF,27,LAC,15,10,18.3,2.5,5.4,0.469,1.8,4.2,0.429,0.7,1.2,0.611,0.636,0.1,0.3,0.5,0.2,1.9,2.1,0.7,0.3,0.5,0.5,2.3,7
470,Justise Winslow\winslju01,SF,21,MIA,30,15,22.4,2.6,6,0.425,0.6,1.5,0.432,1.9,4.6,0.423,0.478,0.6,0.9,0.654,0.9,4.3,5.2,2.1,0.6,0.3,1,1.7,6.3
471,Jeff Withey\witheje01,C,27,DAL,10,0,3.9,0.6,1.6,0.375,0.2,1,0.2,0.4,0.6,0.667,0.438,0.1,0.2,0.5,0.1,0.9,1,0,0,0.3,0.2,0.3,1.5
472,Nate Wolters\woltena01,PG,26,UTA,5,0,3.8,0.2,1.2,0.167,0,0,0,0.2,1.2,0.167,0.167,0,0,0,0.2,0.2,0.4,0.2,0,0,0,0.2,0.4
473,Brandan Wright\wrighbr03,PF,30,MEM,24,1,13.6,2.1,3.7,0.568,0,0,0,2.1,3.7,0.568,0.568,0.8,1.2,0.69,1.3,2.3,3.5,0.4,0.5,1,0.3,1.1,5
474,Delon Wright\wrighde01,PG,25,TOR,31,3,21.5,3.2,6.4,0.497,0.8,2.1,0.379,2.4,4.3,0.556,0.56,1.7,1.9,0.898,0.8,2.2,3,2.5,1.1,0.6,1.3,1.3,8.9
475,Guerschon Yabusele\yabusgu01,PF,22,BOS,18,0,4.7,0.6,1.5,0.407,0.4,1,0.389,0.2,0.5,0.444,0.537,0.1,0.1,1,0.6,0.8,1.4,0.3,0,0.1,0.3,0.7,1.7
476,Joe Young\youngjo01,PG,25,IND,27,0,9,1.6,3.4,0.484,0.4,1.1,0.367,1.2,2.3,0.541,0.544,0.7,0.9,0.75,0.2,0.9,1,0.7,0.1,0,0.4,0.6,4.3
477,Nick Young\youngni01,SG,32,GSW,44,1,14.4,2.4,5.3,0.443,1.4,3.6,0.384,1,1.7,0.566,0.572,0.5,0.6,0.714,0.2,1.1,1.3,0.4,0.5,0.1,0.5,1.1,6.6
478,Thaddeus Young\youngth01,PF,29,IND,44,44,32.3,5.2,10.7,0.485,1,2.6,0.365,4.2,8.1,0.524,0.53,0.5,0.8,0.583,2,3.9,5.8,2,1.5,0.4,1.3,2.2,11.8
479,Cody Zeller\zelleco01,C,25,CHO,19,0,19.9,2.5,5,0.495,0.1,0.1,1,2.4,4.9,0.489,0.5,2.2,3.1,0.724,2.4,3.1,5.5,0.8,0.5,1.1,1.1,2.7,7.2
480,Tyler Zeller\zellety01,C,28,BRK,36,28,17.6,3.1,5.8,0.546,0.3,0.6,0.409,2.9,5.1,0.562,0.568,1.1,1.6,0.679,1.6,3.2,4.8,0.7,0.2,0.5,1,1.9,7.6
481,Paul Zipser\zipsepa01,SF,23,CHI,39,7,15,1.4,4.2,0.34,0.5,1.7,0.303,0.9,2.5,0.365,0.401,0.3,0.4,0.625,0.2,2.3,2.5,0.8,0.4,0.2,0.8,1.5,3.6
482,Ante Zizic\zizican01,C,21,CLE,12,1,3.4,0.3,0.9,0.364,0,0,0,0.3,0.9,0.364,0.364,0.4,0.6,0.714,0.4,0.8,1.3,0.1,0,0.3,0.2,0.3,1.1
483,Ivica Zubac\zubaciv01,C,20,LAL,12,0,3.9,0.5,1.2,0.429,0,0,0,0.5,1.2,0.429,0.429,0,0,0,0.3,0.6,0.8,0.1,0,0,0.3,0.4,1